deployment_id,service,memory_change,cpu_change,commits,helm_changes,node_usage,pod_restart,latency,previous_failures,incidents,files_changed,loc_changed,failure
deploy-00001,payment-service,3.2027019391157694,0.71265791853226,27,0,25.979296226923275,8,54.6730739706523,4,4,72,2362,1
deploy-00002,order-service,329.4976557266808,0.7222271774001319,16,7,87.54482413936066,7,320.12640133780684,2,1,10,1672,1
deploy-00003,order-service,171.512595132337,0.3852981727591588,29,7,89.4508267734806,4,226.82057768967968,4,4,76,600,1
deploy-00004,cart-service,250.16454397131804,0.6007873510527589,2,9,56.871699672307685,8,173.1635906392694,5,2,8,1419,1
deploy-00005,cart-service,37.173398916370246,0.16143157450806617,5,5,79.86508342406884,8,331.47314024577923,4,4,44,2418,1
deploy-00006,order-service,328.1428922511923,0.5282584420711388,10,8,66.35158138977783,2,293.36790980349764,4,3,47,2121,0
deploy-00007,inventory-service,71.39076579863188,0.3537002120706607,16,2,47.68337768613513,1,395.2417531887221,5,3,8,2299,0
deploy-00008,inventory-service,300.90851856478537,0.7276715323199738,19,6,55.752964146708656,0,378.69638218857307,1,2,99,2563,1
deploy-00009,order-service,264.5173264891399,0.49984900762469786,2,4,56.45494707326932,7,273.7809536615071,5,3,41,1231,0
deploy-00010,cart-service,118.2808460839378,0.3163917371005849,6,7,74.73944961571164,8,179.58964896959142,5,3,93,473,0
deploy-00011,cart-service,163.257467633398,0.3018455907845462,16,6,31.2533113208394,7,50.0,2,0,34,2886,0
deploy-00012,cart-service,115.71236581330375,0.9047299042251229,24,2,79.75031136934173,9,109.95734799851846,4,1,8,307,0
deploy-00013,payment-service,0.0,0.6020482752410501,16,8,53.11700088606411,6,50.0,0,4,49,2163,1
deploy-00014,cart-service,452.3024115245556,0.3662255303844415,22,6,68.58551269912633,1,282.9995025957648,1,2,19,1002,1
deploy-00015,inventory-service,0.0,0.22608696353758834,4,2,57.20380393688464,11,50.0,3,3,30,87,0
deploy-00016,cart-service,233.2973540665332,0.7433442987630334,17,2,100.0,5,312.16141499139945,0,3,54,1430,1
deploy-00017,order-service,109.38926576945349,0.23576612032906719,12,2,86.31960461575287,0,273.5572851168017,3,0,30,1671,1
deploy-00018,inventory-service,170.8569663608855,1.068775469752959,23,9,84.65479022046115,9,175.10566021912717,5,1,24,131,1
deploy-00019,inventory-service,40.36426453185436,0.7434712213077207,13,9,83.63146025748489,3,307.74264491587945,3,3,90,782,0
deploy-00020,payment-service,102.6528083420674,0.021037982681463174,6,9,68.45175835444239,11,486.86368846156523,5,5,23,2682,1
deploy-00021,cart-service,217.29502523185556,0.30617546920819205,11,4,73.57512876923226,4,480.3633987993988,2,1,1,2811,1
deploy-00022,payment-service,473.0231725331605,0.3871682753510898,5,7,94.22888584484404,2,83.94314769347682,1,1,99,2336,0
deploy-00023,cart-service,152.21470725083287,0.5681510920796268,18,1,66.81169813803491,2,346.5908189915287,5,0,30,1528,0
deploy-00024,order-service,30.714097622112376,0.3330567957547158,20,0,38.47214564520872,8,254.59472388916262,2,0,57,2784,0
deploy-00025,order-service,350.4688303017827,0.6383404029513742,11,3,61.90988641500199,11,145.60860824939454,2,0,60,1674,0
deploy-00026,order-service,195.38326287673863,0.5298799155486168,4,0,100.0,11,122.01349741617699,4,4,43,1412,0
deploy-00027,order-service,384.9951155509997,0.19482065678973703,1,2,22.054219405226902,9,225.60011191826385,4,3,93,2605,0
deploy-00028,cart-service,30.933667711509997,0.4170081060116051,15,9,35.65909509218019,10,569.3870668042448,1,1,99,2243,0
deploy-00029,order-service,0.0,0.32111286512418935,4,3,99.57395288811185,1,101.9714382357644,5,0,91,2764,1
deploy-00030,payment-service,157.250096032273,0.0,10,5,59.672250199820894,0,284.8254834439384,4,0,43,1781,0
deploy-00031,order-service,239.79858942786458,0.4686043716522536,14,7,50.56883932914305,10,297.4741392509962,2,1,89,725,1
deploy-00032,inventory-service,245.59391393460515,0.1829299766068314,20,0,70.22315433816314,4,83.1382792024873,0,5,11,174,0
deploy-00033,inventory-service,337.66454186489074,0.609047118375027,4,2,55.569503851001016,11,289.55758065347794,3,3,62,2341,1
deploy-00034,order-service,205.93562705741965,0.9650221905476049,19,8,60.262994709806314,5,276.47686320586706,1,1,7,436,1
deploy-00035,payment-service,473.64953640791146,0.0,15,5,58.429495537542124,4,240.80134812567292,1,4,24,904,0
deploy-00036,inventory-service,474.4929729196905,0.8620941611421928,32,4,99.87869052335584,6,315.84897381074484,1,4,55,1607,1
deploy-00037,payment-service,348.229268881125,0.03759373190979709,10,5,61.18697884989681,8,425.68706402009786,3,0,62,2182,1
deploy-00038,inventory-service,168.61796060730586,0.03979748259181448,32,1,95.22456866553443,9,345.6300716346544,5,4,93,2839,1
deploy-00039,inventory-service,65.9061528425812,0.5592033150429354,21,1,77.17522944448879,6,50.0,4,3,73,2296,0
deploy-00040,inventory-service,0.0,0.24311380118311307,17,8,33.36811201092115,1,471.39235720802634,2,3,73,1267,0
deploy-00041,payment-service,361.64016451813654,0.531507307048009,23,8,70.40686478563453,9,120.49821028909275,3,1,31,489,1
deploy-00042,payment-service,0.04886606367040258,0.4062468393881478,32,1,50.12823542374872,8,126.66249740645195,2,4,61,1448,1
deploy-00043,inventory-service,325.65497703630956,0.7446370234115216,34,4,100.0,1,219.22574667009337,0,0,48,1773,0
deploy-00044,inventory-service,402.6236164262896,0.0,1,4,32.97444125762293,3,130.8795564961864,0,1,52,2756,0
deploy-00045,inventory-service,0.0,0.4690237548866338,4,6,74.18771543433223,3,355.2930439331905,3,5,3,2003,0
deploy-00046,inventory-service,218.96593359956162,0.6355226469605133,4,2,61.40777172337083,2,279.5164144985436,4,1,2,2733,0
deploy-00047,order-service,160.01783155421785,0.7403316647084255,2,8,39.07055343850478,7,50.0,1,5,25,190,0
deploy-00048,order-service,213.62431393011485,0.8312261238487775,32,8,63.61724130547721,10,453.0378834354096,3,3,9,2556,1
deploy-00049,order-service,29.017244865279082,0.32469415917394984,25,0,99.41539662331968,8,50.0,3,0,7,1856,1
deploy-00050,payment-service,0.0,0.7749039470489696,31,3,54.321995232528906,1,89.53713830654652,3,2,54,2356,0
deploy-00051,order-service,241.52671516790343,0.9122315794348583,20,5,35.462843663085366,3,410.08336248579747,1,3,44,2822,1
deploy-00052,cart-service,239.29190198787018,1.1328543960442048,18,1,66.38762270265558,1,274.0285889975613,0,1,61,1295,0
deploy-00053,cart-service,233.36439594778412,0.15832091791770803,22,8,23.540331280174165,2,82.39238305155882,5,0,30,1266,0
deploy-00054,payment-service,16.444510221923366,0.571697958357835,8,5,59.3127232391981,8,277.7988474123073,3,1,25,2366,0
deploy-00055,payment-service,181.07764060158564,1.3591858043085412,15,9,93.66429013212345,6,263.72802672598124,0,5,85,1520,1
deploy-00056,cart-service,253.15123102278403,0.15196198378498127,28,3,77.2497182110013,5,349.83778544701437,5,5,82,185,1
deploy-00057,inventory-service,127.52558055710986,0.7774414939128023,12,0,58.287852637627076,8,50.0,4,5,42,1129,1
deploy-00058,payment-service,0.0,0.0,21,5,100.0,11,315.23264071954713,2,1,77,2069,0
deploy-00059,order-service,196.91117041267555,0.41986477186263305,14,6,71.89290452472105,2,350.24890271619955,4,0,42,2512,0
deploy-00060,order-service,29.091738528524843,0.9175245177120814,19,6,93.07642784133114,1,183.61964321617242,1,0,83,2270,1
deploy-00061,cart-service,118.4990188344909,0.12060726642626463,16,2,74.04667901286277,10,50.0,1,1,20,1480,0
deploy-00062,inventory-service,46.28381823229131,0.0,17,8,69.95331802217886,10,223.11600618253675,2,4,79,2293,1
deploy-00063,inventory-service,300.1644389528386,0.6819330896349194,13,9,76.13066885502526,10,294.4627001212989,4,5,37,1524,0
deploy-00064,cart-service,4.515346001767739,0.014434874339623649,20,5,54.724579204596196,5,116.68040301536223,0,2,99,2753,0
deploy-00065,cart-service,333.03137588339376,0.7087944353053317,7,2,51.94167710670576,0,332.2641881244699,2,1,15,1803,1
deploy-00066,cart-service,27.051886297081865,0.5164451874931051,10,7,91.72372200024341,11,437.1924977589148,5,4,65,2711,0
deploy-00067,cart-service,130.05758357413794,0.07475344250059934,33,0,100.0,1,73.5077920856047,3,3,96,1969,0
deploy-00068,payment-service,222.33614079218012,1.087454597784588,34,9,56.52172495160324,8,50.0,1,0,51,2336,1
deploy-00069,order-service,221.08215236954248,0.0,34,2,53.44922225288699,4,441.1670825411859,1,3,54,2410,0
deploy-00070,cart-service,256.1768918691546,0.0,28,9,44.31383896651202,0,285.29141673823955,4,4,66,2325,0
deploy-00071,inventory-service,301.3494232020079,0.534575582586863,26,9,94.02357698042128,2,183.90213676453862,2,0,95,1553,0
deploy-00072,inventory-service,89.31310098199684,0.3059265872243268,2,6,44.188278949751336,8,50.0,3,2,78,2562,1
deploy-00073,inventory-service,127.21772404668957,0.3498219675557658,21,5,42.73223916156304,10,336.9341713714716,4,2,45,2158,0
deploy-00074,inventory-service,209.23325651430017,0.3319361932760229,34,5,77.30513533937122,1,50.0,0,2,50,2747,1
deploy-00075,cart-service,463.5408938903184,0.06369075577629751,5,3,71.38800527582458,2,119.64291282028265,5,3,88,1043,1
deploy-00076,order-service,177.0143194988342,0.13415191682262062,33,9,63.36824460629758,3,50.0,3,1,89,2729,1
deploy-00077,order-service,313.42348622338295,0.5453294143459839,26,0,38.66339577883517,3,375.37118444715054,1,0,35,2625,1
deploy-00078,payment-service,245.90953401454252,0.3915752244620022,20,6,77.50170402496308,5,437.75875128477924,3,4,26,2447,0
deploy-00079,cart-service,98.55246094496339,0.7267806024126462,27,3,55.82319013701399,1,186.28394083103632,4,3,93,1310,1
deploy-00080,order-service,39.46014202412792,0.17615428311349401,33,0,45.72723111262392,2,112.72658262311109,1,3,79,951,1
deploy-00081,order-service,170.31772799370006,0.8172107675044723,4,8,46.78850232157103,8,333.7823438911335,2,2,23,1261,1
deploy-00082,cart-service,4.036720613091063,0.4457703722241064,4,1,40.682181517917385,6,50.0,2,2,55,2346,0
deploy-00083,inventory-service,371.7632057493814,0.0,9,9,46.54227116209465,5,469.17683000804936,4,1,25,2792,1
deploy-00084,cart-service,256.1283318428608,0.4703960158274063,16,6,61.24658018143096,0,291.721558968194,0,0,93,581,1
deploy-00085,payment-service,0.0,0.8006108891780275,4,0,44.587539609733255,6,50.0,2,0,28,2563,0
deploy-00086,cart-service,116.80816158043186,0.13740428244529812,6,2,59.01470592229487,3,97.7398141406776,5,3,91,2954,1
deploy-00087,inventory-service,325.3532851305374,0.6738692433242657,28,1,89.99330534087554,7,345.3056714291916,3,1,82,252,1
deploy-00088,inventory-service,194.21558315979473,0.2553328144028062,12,6,98.63633238601648,8,509.34930113285554,4,1,13,2672,1
deploy-00089,payment-service,214.4755370726225,0.06728502033830602,5,0,66.20771856848835,2,54.60218247483033,1,0,92,69,0
deploy-00090,inventory-service,181.94572464554923,0.537075558430379,20,0,60.941720304089046,10,87.63592039175697,1,1,72,170,0
deploy-00091,payment-service,246.51499218864996,0.0,11,1,84.91402771799847,0,408.88356083444813,5,5,84,775,0
deploy-00092,payment-service,238.58283380756077,0.582748012027807,19,5,86.99959300684168,8,230.16570152032418,4,5,15,1269,1
deploy-00093,order-service,81.7580016267985,0.5385096852394646,1,4,52.43867832549252,4,296.71792514551595,3,2,16,2054,1
deploy-00094,cart-service,98.18900894287992,0.9532219289707617,33,9,71.36378975349157,10,75.68807308985694,2,2,88,2205,0
deploy-00095,inventory-service,160.00615457772943,0.8749664401249755,13,6,72.91867748861647,8,484.215730270536,2,0,78,2713,0
deploy-00096,order-service,124.53545914608321,0.9496198492895767,28,4,58.281215499197046,8,535.7590321096704,5,2,80,2163,0
deploy-00097,inventory-service,242.13066034928187,1.5625987877786371,14,5,50.85470940097073,6,395.3496805413787,3,5,50,1413,1
deploy-00098,cart-service,227.35790546700704,0.4548948276528524,13,3,73.49931794872299,1,50.0,0,5,72,745,1
deploy-00099,cart-service,194.27677056345723,0.20727284239970176,26,4,38.15649667258186,2,188.95843768411615,0,2,46,793,1
deploy-00100,payment-service,303.1280551675588,0.4720508289171449,17,6,25.82817119205938,5,248.1521060606033,0,1,31,2299,0
deploy-00101,order-service,341.100433674211,0.061113284678854685,31,3,43.13352284225235,11,293.337500075306,5,1,23,1667,1
deploy-00102,order-service,38.38375712467803,0.2547948893766748,29,5,65.77162245961834,1,203.23805037663294,0,5,38,1760,0
deploy-00103,inventory-service,0.0,0.5863920968620008,11,1,62.05115020163665,9,488.24141607238937,3,5,41,379,0
deploy-00104,inventory-service,191.8863287691203,0.0733141798884312,4,6,72.94066600030982,2,333.33731329751873,1,1,88,2136,0
deploy-00105,inventory-service,16.30387815966293,0.6352946924940027,30,7,27.384031440518847,2,202.3140177057306,0,5,8,2666,0
deploy-00106,cart-service,499.9697296346884,0.3905980712528676,18,3,60.354613401515294,6,261.35699319352506,2,0,19,2857,1
deploy-00107,order-service,232.63541392455835,0.6563414101124607,33,9,63.24246515168759,2,391.0434197325384,2,0,16,2752,1
deploy-00108,order-service,384.05206390408466,0.5512757049349889,21,5,71.71682513866047,6,50.0,0,4,81,2230,1
deploy-00109,order-service,261.1799873353552,0.043149926951024375,6,5,92.41081977228264,0,177.39548026409858,3,3,6,2257,0
deploy-00110,order-service,202.27460975288133,0.09917960675821963,8,2,64.28778527619818,7,50.0,1,1,87,204,0
deploy-00111,order-service,131.9247226449131,0.4128363242820983,5,4,77.3362839937956,4,100.0431656995928,2,4,72,1394,0
deploy-00112,inventory-service,255.44816059512777,0.6121794321114404,21,5,69.58963430927213,4,360.33746386425605,5,5,58,139,1
deploy-00113,cart-service,128.55464089002407,0.28102344444637434,31,1,94.5854902134846,3,519.1555081900539,4,4,40,1221,0
deploy-00114,payment-service,200.60025138090853,0.4957674657690405,25,3,63.81434707948136,5,140.60695954395078,4,2,46,1331,1
deploy-00115,order-service,293.91347117437226,0.31880548798583663,4,7,72.57685206916788,7,64.7780369632782,4,1,17,2338,0
deploy-00116,order-service,6.42232268468527,0.46826066153013673,9,8,58.263360647188144,3,342.95529482237185,1,4,91,2732,1
deploy-00117,order-service,0.0,0.3224466117074386,19,5,65.7211985359559,7,249.3050541663482,0,1,72,2928,1
deploy-00118,cart-service,262.47738913277544,0.2652288269364903,24,7,84.72272633921536,10,166.33429810158646,1,5,84,2564,1
deploy-00119,order-service,298.7562787131559,0.4856740605804301,19,8,47.8158796284886,4,169.35061346454665,5,5,32,2533,0
deploy-00120,payment-service,145.30834064539567,0.48837671410090305,26,1,37.45368688959265,5,470.80218497352,3,3,63,882,1
deploy-00121,cart-service,153.87353225845698,0.9589175635101104,20,6,87.64469144358495,9,153.34493196804658,2,0,4,1021,0
deploy-00122,payment-service,166.8494494304548,0.3810900054536317,29,6,60.41414692895384,1,50.0,1,1,94,478,1
deploy-00123,cart-service,80.28053553794689,0.9523550548259039,22,6,61.97504706507248,0,314.88916775892284,1,1,48,2656,0
deploy-00124,cart-service,0.0,0.6786357091484294,4,1,53.07822200687667,5,251.27584400847303,1,4,79,1965,0
deploy-00125,payment-service,168.59666697628282,1.0027149260435713,34,6,84.4732702268818,8,436.29399952207166,1,2,18,1285,1
deploy-00126,cart-service,0.0,0.695253104900855,23,6,49.1080108974989,9,445.5347601712131,2,1,24,2251,0
deploy-00127,payment-service,139.1256764980417,0.485710954034201,17,5,87.67360957513404,10,195.80943624948316,1,3,28,221,1
deploy-00128,payment-service,52.53173249163203,0.36745972323880155,1,0,59.59689741325808,0,515.7011863401525,2,1,3,457,0
deploy-00129,cart-service,135.27751784242002,0.20995156333817505,28,0,61.70124449207563,1,443.2666373977379,3,1,33,2261,0
deploy-00130,inventory-service,472.1951505184761,0.0,26,4,54.136583378877724,2,252.17918229063534,5,0,76,276,1
deploy-00131,payment-service,355.13321853596426,0.5144202409450479,6,6,70.45290526864258,11,165.77754598256746,1,2,91,1190,0
deploy-00132,order-service,0.0,0.0,34,6,57.734787048623886,2,211.8087745350955,1,4,1,1707,0
deploy-00133,cart-service,486.2961311170149,0.3058877038103728,29,5,42.015920056234116,0,50.0,3,1,29,1267,0
deploy-00134,payment-service,50.46434208725617,0.5020194833559908,29,7,73.34943917484028,3,51.926652376444395,2,3,64,2036,1
deploy-00135,cart-service,0.0,0.3393308033965842,1,7,77.25930760949198,7,228.8518153833372,0,2,83,1438,0
deploy-00136,cart-service,508.74489248199177,1.1361696102740595,3,4,46.46933777685699,2,472.7378180100776,5,0,42,636,1
deploy-00137,inventory-service,162.59255987611363,0.22230273285804278,6,1,50.75325871174583,3,118.07355570115863,3,2,34,809,0
deploy-00138,cart-service,148.3873648783717,0.2002561065203758,7,6,37.43981446304268,1,50.0,2,3,41,383,0
deploy-00139,order-service,399.3958395945996,0.5938439019153063,26,1,46.9820600939085,11,328.5926431289006,0,1,47,2846,0
deploy-00140,order-service,86.57605440788592,0.0570310487051518,28,3,66.73011083842924,5,299.05148031839724,4,3,47,401,1
deploy-00141,payment-service,443.81962042082307,0.8969432912693152,7,0,98.67172419076044,7,170.3535243166428,2,2,80,1906,0
deploy-00142,order-service,150.83403326322082,0.0,32,2,95.33585314278497,5,130.46335160549648,1,3,35,1672,1
deploy-00143,order-service,173.44849548661986,1.058876814675854,12,3,84.98672664948978,1,264.6120119436673,5,1,78,1696,0
deploy-00144,inventory-service,37.870290476216184,0.6817285371036135,9,1,76.87109389811133,7,480.5448480876467,3,5,84,1189,0
deploy-00145,order-service,183.97040373947442,0.24008769280839737,20,9,72.27396300685926,8,217.29563078433668,2,4,15,2559,1
deploy-00146,payment-service,190.27963617995258,0.5376562050912662,16,9,64.53532578299267,3,550.5264115602013,5,3,6,825,1
deploy-00147,cart-service,0.0,0.5401741473224062,27,2,33.487613456587695,11,150.78746615397762,5,1,93,1790,0
deploy-00148,inventory-service,0.0,0.6649946534249724,13,5,59.97794823926175,5,50.0,4,3,91,1286,1
deploy-00149,payment-service,0.0,0.7315996055546927,15,2,73.07908041471222,10,334.81906287536395,4,5,7,91,1
deploy-00150,inventory-service,382.3703057599365,0.1838219031750224,16,6,64.55504410301579,8,50.0,0,0,58,1395,1
deploy-00151,order-service,158.95241996395788,0.7097101160428217,8,4,43.50467972364572,4,381.481540612228,1,2,23,2430,0
deploy-00152,payment-service,291.8409617736405,1.398760934526414,3,8,49.042344727630095,7,314.16945973706993,2,0,21,1613,0
deploy-00153,cart-service,235.5633899659639,0.19370011650927355,33,5,62.81709696877331,3,212.0677830523253,1,5,76,2515,1
deploy-00154,cart-service,505.2023173143979,0.6131621817690588,3,7,54.85789439143516,6,188.4490039982336,4,2,79,1346,1
deploy-00155,payment-service,326.5400085700628,0.31710971620010364,33,5,42.460241795982725,3,449.2946600274154,4,5,13,2129,0
deploy-00156,payment-service,248.82536489807052,0.0,34,6,72.29068978066525,1,333.4112910734726,2,3,96,2698,0
deploy-00157,cart-service,0.0,0.3388965058068113,24,8,29.95802854546058,4,264.1274587348468,0,0,72,250,0
deploy-00158,inventory-service,65.77495597445494,0.9670877719595123,16,0,74.2442497802125,0,50.0,1,5,82,671,0
deploy-00159,inventory-service,0.0,0.86388575961343,32,5,60.91860969903131,0,176.25165775517735,0,1,15,1714,0
deploy-00160,cart-service,178.50490278745286,0.6296199338770134,19,5,100.0,9,50.0,3,5,13,1056,1
deploy-00161,cart-service,349.2333481007041,0.789898652388019,8,8,60.65547683562647,4,218.5886759440588,2,1,62,975,0
deploy-00162,payment-service,320.15260060544654,0.7724027612381772,23,7,79.90997813049965,8,209.36078047632878,4,1,82,339,1
deploy-00163,inventory-service,165.81370685147908,0.29600430341460193,18,2,40.05365060611662,11,418.12609771047505,5,2,97,219,0
deploy-00164,payment-service,155.515297790705,0.5515141387692373,8,5,95.32880201178807,11,204.01515680694132,1,2,72,199,0
deploy-00165,inventory-service,112.80849534940982,0.9635134377481647,23,4,100.0,7,263.61138456282595,1,2,44,1994,0
deploy-00166,order-service,34.86093216014001,0.6108970842552457,33,6,65.80513004000926,9,57.04099973744542,2,2,53,662,0
deploy-00167,cart-service,371.25746669036425,0.44530447457631694,5,1,61.18479079330903,8,225.58015050510892,3,0,10,2869,1
deploy-00168,cart-service,256.49631802891315,0.6471595757307487,7,1,71.5988707731453,10,366.6414295417804,5,1,75,1085,1
deploy-00169,order-service,210.38596375867562,0.23429741913276225,6,3,52.54919694668894,1,89.24480097073834,0,0,42,1453,0
deploy-00170,inventory-service,301.03609390847873,0.036482326224912986,26,4,52.50793183569642,9,448.77200933122583,1,1,23,1413,1
deploy-00171,inventory-service,172.66728976104574,1.1491299622316669,9,1,66.35826338338671,3,332.21925694632944,4,1,86,1120,1
deploy-00172,inventory-service,58.47098447742336,0.9092088417769699,26,6,26.30938528573764,7,59.79791247340046,2,3,44,2671,0
deploy-00173,inventory-service,363.4094366350556,0.8694819427808427,27,7,22.30612665046288,0,342.59223707383876,2,2,45,1713,1
deploy-00174,inventory-service,521.4884156514736,0.11420028640034624,29,1,31.25304611173297,9,110.46029690949237,4,5,12,2671,1
deploy-00175,payment-service,162.15711347997063,0.9273476137264414,14,6,29.38523784873059,11,129.51398620724422,3,1,22,526,1
deploy-00176,inventory-service,81.10737063561808,0.32208564206002127,2,0,52.432577837610424,10,140.7084272110709,4,1,23,2439,1
deploy-00177,order-service,203.78713304664927,0.16419871239054878,32,9,46.19557582148566,9,154.7780254042815,2,5,56,808,1
deploy-00178,order-service,184.27188090672567,0.3730224716567826,15,6,64.74122463792824,9,50.0,5,1,67,32,0
deploy-00179,cart-service,238.7735185662686,0.866367701850675,34,8,76.00404992052881,6,144.53963786532967,0,2,34,2246,1
deploy-00180,payment-service,12.550862286844875,0.2905652542487993,7,4,36.800605938322484,5,223.92434498580755,4,4,14,2949,1
deploy-00181,inventory-service,220.56213445783544,1.0022188717261602,14,9,63.90130267594164,8,419.9034730779383,2,2,13,617,1
deploy-00182,cart-service,266.3734478838411,0.5183420610179205,16,2,57.32398148584509,10,293.2328594635486,3,1,12,779,1
deploy-00183,payment-service,270.46199355984453,1.4699856269453968,33,4,71.4802504837996,10,135.97148670716416,0,0,78,1924,0
deploy-00184,payment-service,212.71159002059082,0.8462183009449624,8,2,96.80904595832047,10,306.259322783851,5,5,54,931,1
deploy-00185,inventory-service,177.1035588126313,0.5490740058034964,26,1,29.695593693943017,11,396.07286075759635,0,5,19,1591,0
deploy-00186,payment-service,0.0,0.6769379039335495,28,9,66.06915825234948,2,232.12467440081193,3,3,85,1197,0
deploy-00187,order-service,396.3900706882928,0.6377039392133128,32,2,60.27107160070973,8,50.0,2,4,45,2882,0
deploy-00188,order-service,585.7818059275669,0.06495255619649298,32,3,100.0,7,428.7084460437121,1,0,60,1248,0
deploy-00189,payment-service,61.22432588257894,0.4187378590547429,10,6,67.70246903736164,11,317.5031010132748,1,4,21,1023,0
deploy-00190,cart-service,56.577433390833946,0.35178984360667764,23,4,44.491797444441914,2,169.3282980464291,3,2,47,184,1
deploy-00191,order-service,222.15108534481874,0.40051157424966927,30,4,54.30377323562884,11,50.0,3,5,23,2243,0
deploy-00192,cart-service,249.7360426655237,0.28698114229967275,8,7,30.245708097257364,2,280.5449768064702,2,5,44,2135,0
deploy-00193,cart-service,220.26043985396467,1.1160176117959586,26,1,70.19615713611019,5,403.7382539688099,0,5,83,2439,1
deploy-00194,order-service,160.76137034608746,0.09556065201414343,20,1,53.32639286387637,10,170.73608033267118,4,1,29,651,1
deploy-00195,payment-service,67.34076057960515,1.123031167923302,5,0,66.9520798499088,0,108.92046767481753,4,3,9,2327,0
deploy-00196,cart-service,174.75847260568867,0.3749687116032101,30,9,54.66978515678335,8,387.19360809802697,1,2,7,525,0
deploy-00197,order-service,113.93235921864091,0.9670877827411342,9,7,38.76393668445577,10,350.6842017420548,3,5,88,251,0
deploy-00198,payment-service,331.78548877490243,0.17892147847031165,11,6,51.87258212903782,10,165.15418774674416,1,1,34,1671,0
deploy-00199,cart-service,4.77810457150224,0.4746466945645511,21,3,49.44788144503466,8,155.4876234616496,3,0,75,1351,1
deploy-00200,cart-service,323.1615830533976,0.12878626190387005,3,8,55.972310980712095,8,260.8026462875578,5,2,54,1507,0
deploy-00201,inventory-service,0.0,0.523733407203617,32,6,94.24710526946721,7,371.3792097779759,2,3,67,1455,0
deploy-00202,cart-service,386.1902275929365,0.838209434022246,17,5,71.03104613625808,5,402.32728247243944,0,0,59,21,1
deploy-00203,cart-service,0.0,0.33600566147419497,27,2,62.03855190904492,6,165.47928618623956,5,1,40,1887,1
deploy-00204,cart-service,110.35968217743968,0.48232391338906033,22,1,74.54070254452915,2,249.91553543155618,0,4,49,2552,0
deploy-00205,order-service,226.54665370499833,0.4475091007050195,8,6,55.75745849655109,3,349.6530511359897,0,5,11,1589,0
deploy-00206,inventory-service,310.77015536631177,0.8776050331761575,30,3,47.40715145264987,6,351.06915905016365,5,2,24,2957,0
deploy-00207,order-service,307.0362486943874,0.4700935250033552,31,0,73.29232570053406,3,336.79924507227497,1,3,57,1917,1
deploy-00208,inventory-service,26.882328768844985,0.2444377330326774,26,5,82.57908055401785,1,50.0,5,2,6,699,0
deploy-00209,order-service,114.62648129695415,0.6814823664620978,19,1,69.6256404548673,2,205.0993138372417,4,0,2,183,0
deploy-00210,order-service,357.4363776124841,0.587681904588934,1,5,78.11236122342765,7,87.30840663456428,2,0,45,2412,0
deploy-00211,payment-service,144.4645164753386,0.6874833829900098,1,3,69.71139741279788,6,380.79015497791767,4,3,14,2179,0
deploy-00212,order-service,0.0,0.7054400761554354,33,9,93.50657886940611,5,50.0,4,0,11,1069,0
deploy-00213,cart-service,0.0,0.5433576587918245,1,2,68.9927003582303,7,50.0,1,4,5,326,0
deploy-00214,inventory-service,0.0,0.35675526307368804,21,8,33.97961175303891,2,317.95281344682576,0,1,14,2476,0
deploy-00215,cart-service,282.49928043838776,0.40449087847552856,7,3,41.781760872265224,11,254.85551510905458,5,4,71,2911,0
deploy-00216,payment-service,266.66952032194,0.6431505700359521,34,0,88.80611407020236,10,50.0,2,2,64,1724,1
deploy-00217,inventory-service,0.0,0.8094170112122169,26,1,87.57982201924034,10,241.7346851436566,3,1,92,2908,0
deploy-00218,payment-service,304.5127276596825,0.0,13,7,47.736286753114456,5,444.02649526890553,0,1,94,2581,1
deploy-00219,payment-service,64.86338871842277,0.16943340573104232,29,4,66.89653719460752,11,65.8126673962235,3,5,54,468,1
deploy-00220,inventory-service,25.452508937429513,0.14507437479096508,23,4,66.12823134339142,5,286.8056513492998,3,2,3,2540,0
deploy-00221,cart-service,334.3706833980575,0.029056194934639512,29,2,53.27896720048883,7,274.6480989072874,4,2,28,442,1
deploy-00222,payment-service,262.46595764450916,0.5334359311930988,24,4,56.39083333076084,1,369.4816045779995,3,3,27,853,1
deploy-00223,inventory-service,0.0,0.7194499125693741,21,7,69.34546316457248,1,486.2624241413096,2,2,33,1194,0
deploy-00224,payment-service,137.14932138142944,0.17490818722402562,13,1,68.96762321252879,0,134.91743972040393,5,2,74,318,0
deploy-00225,order-service,219.38227552020797,0.787809672455033,33,2,72.84021874731513,9,295.5756138456344,3,3,27,2788,0
deploy-00226,inventory-service,66.80078910952582,0.6019034382075374,2,5,36.90416904779345,1,418.4017381845608,1,0,8,1368,0
deploy-00227,inventory-service,0.0,1.0720139940902036,12,2,64.79607768749908,5,488.5328208432669,5,1,79,1522,1
deploy-00228,inventory-service,261.0225044450766,0.455138048961399,15,9,67.59859708332148,11,239.53018213567933,4,5,17,1355,1
deploy-00229,cart-service,214.9197895834142,0.2826709297861615,30,9,55.130635816922485,11,348.9226321377844,1,0,40,1187,1
deploy-00230,inventory-service,349.4143303647287,0.10220574301273094,24,3,83.45279445575706,3,349.0056237685502,1,4,46,1410,1
deploy-00231,payment-service,292.2752363132343,0.6242730269942826,29,0,42.5408590178574,10,365.0300939993591,3,2,55,389,1
deploy-00232,inventory-service,189.14352331799446,0.6540878474802101,26,9,28.795733578263672,11,159.59209554546663,2,4,68,2978,1
deploy-00233,inventory-service,244.54688870437724,0.3418421721813127,6,7,84.29101364478666,2,245.14943219571768,0,5,60,808,1
deploy-00234,order-service,0.0,0.3584533346267594,4,8,53.527081126937745,0,57.08049449368136,5,2,42,1167,1
deploy-00235,cart-service,249.23486193502964,0.5854705552885103,12,2,68.1689610099947,2,403.36108380407086,2,5,5,1522,0
deploy-00236,order-service,259.5293630946417,0.5182863906000108,11,7,67.63747626242304,10,372.81459255211627,0,4,71,2423,1
deploy-00237,payment-service,0.0,0.9902224996050937,32,4,30.71028209007757,9,142.92707541719335,0,0,67,2315,0
deploy-00238,order-service,1.961185114752226,0.17064632478580816,21,7,72.80909864107764,3,324.4514551511097,3,2,46,810,1
deploy-00239,order-service,190.65871155024143,0.4876369630187721,15,8,80.45079615165521,10,333.27185229172466,4,3,6,1264,1
deploy-00240,cart-service,212.8408685682437,1.2222838574991406,18,6,73.4457803825072,6,410.26931008664474,5,1,67,2909,0
deploy-00241,cart-service,44.20302336819307,0.3269663426998474,33,9,81.9260812461546,6,297.8642251035361,1,3,32,805,0
deploy-00242,order-service,247.0204004051452,0.19818145890750838,4,2,46.146401709373194,0,390.4854033785182,0,0,51,1546,1
deploy-00243,payment-service,36.05350420971658,0.07354969984994464,23,2,77.01918569399794,10,299.8798469646461,0,3,34,2159,1
deploy-00244,cart-service,19.527900797259633,0.9054054220282108,6,2,77.09986751357746,5,437.08171317136754,5,0,58,2790,0
deploy-00245,cart-service,35.36066419494222,0.07284586333870063,11,7,40.6679256942119,4,300.25635513061195,5,1,48,2121,1
deploy-00246,inventory-service,116.52048073994001,1.1924001909217836,2,5,27.750304947504098,7,99.64363813506739,5,4,40,2631,1
deploy-00247,order-service,521.8574391080874,0.6421440059269188,11,4,46.37853024115793,3,100.12826630034817,3,1,66,1170,1
deploy-00248,inventory-service,182.3922540884958,0.3746977919801049,9,2,54.2092963615772,4,223.4711209640806,0,2,29,1770,0
deploy-00249,cart-service,102.45344666038916,0.6031794857370072,18,3,56.315991334822286,0,368.5590215449258,3,5,80,1385,1
deploy-00250,cart-service,182.3626955865269,0.45394719381653104,20,0,52.014741607797276,6,50.0,3,3,92,1845,0
deploy-00251,inventory-service,0.0,0.5320044261319142,29,0,76.58563942641865,6,577.8795649626438,4,3,49,1272,1
deploy-00252,order-service,449.08100595146675,0.12678207702334376,12,6,64.21802157566894,1,236.47113799339175,0,1,28,891,0
deploy-00253,payment-service,0.0,0.7799077673149273,25,6,52.58962758702677,3,50.0,3,0,90,34,0
deploy-00254,order-service,165.6316201430495,0.6863006309632143,33,2,85.67572335877799,5,72.6324141690344,4,3,56,1304,0
deploy-00255,inventory-service,0.0,0.17532726349540306,31,3,61.10040227760426,4,321.6416094635156,0,1,28,540,0
deploy-00256,order-service,102.56818769468106,0.5957288518486343,17,9,77.62549460243153,0,386.25899459009565,1,1,40,2958,1
deploy-00257,payment-service,87.08857518517574,0.0,7,8,65.26711183087346,6,415.74107334365885,1,0,73,1296,0
deploy-00258,payment-service,567.1631762545367,0.7898522175857159,30,6,73.93323030557806,0,421.22211521548263,3,4,94,878,1
deploy-00259,payment-service,617.3279642848541,0.18749939231302098,3,0,58.87761903080092,1,176.46667749418373,3,5,73,719,1
deploy-00260,order-service,96.15228626399518,1.1273834142351884,15,0,90.82058110368271,6,289.21306190949525,3,4,94,174,1
deploy-00261,payment-service,264.34052037509355,0.5782165267775153,31,7,73.09964637849353,3,585.1579369296524,2,3,27,1397,1
deploy-00262,inventory-service,181.99179101229208,0.0,11,0,20.61051482753895,1,470.4905846411847,3,0,45,2087,0
deploy-00263,payment-service,224.32824530399841,0.4382387960153503,9,1,66.69322561465528,0,665.115383804839,1,0,34,2249,1
deploy-00264,order-service,147.68781560687336,0.0,21,5,81.23471419993004,0,104.52994073273896,5,1,40,584,1
deploy-00265,cart-service,290.761905509473,0.66756045959234,19,6,68.95112565055007,9,72.22231292015238,1,1,53,1676,1
deploy-00266,order-service,447.1270887340025,0.9994994697496313,12,9,57.95469930100462,11,322.05014438220695,5,2,35,339,1
deploy-00267,order-service,29.856062703628822,0.7261177591841338,18,7,60.231272980393946,1,232.78330764971162,5,0,16,2702,0
deploy-00268,payment-service,61.16628497233252,0.4649208585532114,3,2,59.525920083644635,9,368.5510872677056,5,3,47,980,0
deploy-00269,payment-service,0.0,0.6839943701398575,33,4,64.10009584713987,5,50.0,2,0,1,623,0
deploy-00270,cart-service,0.0,0.29533149402210845,17,4,52.11583499227103,4,338.30549173227257,2,3,62,2166,0
deploy-00271,cart-service,32.79021974851139,0.0,27,1,57.90824905497284,3,50.0,3,4,33,289,0
deploy-00272,payment-service,0.0,0.8384893750869948,8,3,50.10034122548717,7,155.18712657866337,4,2,83,2595,0
deploy-00273,cart-service,443.4813962419514,0.2974944691416411,18,7,87.67578545128023,1,566.032709991722,5,5,38,1525,1
deploy-00274,order-service,354.68878199414974,0.09358956367355964,4,8,60.14761905199452,4,106.2982598948156,3,0,92,1833,0
deploy-00275,payment-service,349.24168578765597,0.4045923288840239,14,9,76.42348132582094,10,104.25718404805602,3,1,74,2461,1
deploy-00276,payment-service,102.12609371641831,0.7191380550508109,2,4,54.29825693246576,9,189.52559846049266,3,5,66,2812,1
deploy-00277,order-service,349.30957641978387,0.23839048433716073,22,8,26.66805064963578,1,61.08803999407999,1,5,36,454,1
deploy-00278,order-service,48.40539955305155,0.2958222487032023,19,3,78.23895178861034,6,252.4194122914006,1,5,43,469,0
deploy-00279,payment-service,25.70502396289794,0.46276826446498104,31,5,69.23427568341194,7,364.3223862938029,3,0,4,2875,0
deploy-00280,payment-service,173.90979306678756,0.4148958163948071,27,8,67.14210060018944,6,377.19381151955497,3,2,83,764,1
deploy-00281,order-service,318.6037322691776,0.20438156880662617,13,6,49.76016952346019,3,413.59899041321984,1,2,11,1938,0
deploy-00282,cart-service,389.41877282918153,0.6435768754588357,10,2,85.17336711909678,3,322.6680158872633,4,3,61,2041,0
deploy-00283,payment-service,333.8940982539723,0.3425055244199751,18,4,99.13535280837947,0,282.4307014484032,0,5,38,67,1
deploy-00284,inventory-service,424.11898302051145,0.6443340259977984,26,1,60.6951108684769,7,517.3440689057068,5,0,14,2780,1
deploy-00285,cart-service,501.8183105218324,0.6888373784344775,29,3,57.57164527835863,0,412.3527894687603,1,0,20,1364,1
deploy-00286,order-service,204.7375169070512,0.38876118715003766,27,8,47.600850539590624,1,120.19857518472489,2,0,37,1232,0
deploy-00287,inventory-service,249.31382283506662,0.3378108675818583,33,5,64.08883746490918,5,176.9329658777233,0,0,46,1850,1
deploy-00288,order-service,0.0,0.4121183315869594,23,9,23.29943406640244,9,308.35563856506445,0,1,14,1492,1
deploy-00289,cart-service,433.32113819041723,0.5756347542280149,30,3,91.56313241791594,10,502.35753780101476,3,5,90,1722,1
deploy-00290,inventory-service,0.0,0.6142762308672709,20,6,77.79872331601582,2,471.01196221626344,4,5,54,1897,1
deploy-00291,payment-service,16.15821817015393,0.893206595009278,15,2,45.17787368825299,9,395.1998206830797,4,4,99,1733,0
deploy-00292,cart-service,194.0620943167421,0.9435566983556776,10,9,77.48368544939065,9,125.01061126941303,0,5,18,1272,0
deploy-00293,cart-service,40.14065607655283,0.8832592907715557,26,2,26.724405303421477,4,405.74348934757285,4,1,32,2525,1
deploy-00294,order-service,380.4222783605802,0.13587746020086822,14,5,61.07003159203785,9,374.0759199431833,4,3,39,1412,0
deploy-00295,inventory-service,113.32157780355188,0.0,16,3,64.84865406737698,6,389.5566786434338,4,4,69,2242,1
deploy-00296,inventory-service,441.3507838226264,0.524011053327371,28,0,61.89733737638813,6,452.9610366313089,2,1,74,2020,1
deploy-00297,cart-service,12.339181212178431,0.430510231572502,18,0,87.80418957873471,10,431.1137542466802,3,0,94,1192,0
deploy-00298,order-service,280.06882579535846,0.41923272942077483,24,7,45.863265742407066,9,467.0588044046653,3,5,31,705,1
deploy-00299,inventory-service,586.7550429131011,0.07991463936785231,22,3,68.25028159347295,2,442.988519693085,5,1,33,1519,0
deploy-00300,cart-service,18.408844778423827,0.3870209692408429,1,9,44.83382227451476,9,144.98739555311667,2,1,26,2227,0
deploy-00301,cart-service,112.07667992996716,0.35501822747389644,5,8,51.88513075135372,0,353.65938488003155,0,2,55,830,0
deploy-00302,order-service,242.1328486565458,0.9980228359211389,7,0,29.531709223806388,6,318.09934471704383,3,1,22,2299,1
deploy-00303,cart-service,0.0,0.49940915659142404,27,7,60.20457974212817,5,443.02633939682545,0,4,53,2515,1
deploy-00304,inventory-service,117.82814644014442,0.9396977335936305,30,5,74.90545892137196,8,271.84454715158273,2,3,75,2758,1
deploy-00305,inventory-service,322.0140889633792,0.8651498757415909,11,5,61.47573882076048,5,310.04648624645097,4,5,29,502,0
deploy-00306,payment-service,300.1105271926307,0.42383087745234527,31,6,62.17194658349244,4,260.13332261212366,0,1,53,422,1
deploy-00307,order-service,209.86907754802448,0.9014753945163843,4,3,68.59293361560107,2,162.19322470404347,4,3,58,2806,1
deploy-00308,inventory-service,0.0,0.040636499132410464,29,2,99.54836573256202,11,180.64904417180696,3,3,85,1072,0
deploy-00309,order-service,597.9014129752152,0.9372248223409892,27,6,77.95148206123372,0,125.27158410004354,1,1,64,999,0
deploy-00310,order-service,100.12290763267264,0.3916284930993048,7,2,43.959985612943036,10,308.72440560221605,2,0,48,1684,1
deploy-00311,order-service,0.0,0.6735657835865919,21,7,80.00296526464668,3,380.7963249578511,5,5,97,2942,0
deploy-00312,payment-service,87.85933640058492,0.20708483664982535,16,5,100.0,8,373.8570462137965,3,2,21,2482,0
deploy-00313,cart-service,152.1601022992257,0.3003524723927563,22,5,76.11824062598885,4,180.42993379728483,2,2,54,1325,1
deploy-00314,order-service,265.18452354581916,0.8230921704100971,8,5,66.88939983639277,0,251.62031272840227,3,2,28,1305,0
deploy-00315,cart-service,161.54877244352338,0.17497130571602942,11,4,87.00741361394446,7,351.3409949746718,5,2,68,1585,1
deploy-00316,inventory-service,135.86561467121834,0.7894315705871109,4,8,45.36180308098393,4,121.67103206371362,1,0,75,1871,0
deploy-00317,payment-service,0.0,0.2279841522660591,1,1,56.58983313126218,3,169.93060905111872,3,0,13,502,1
deploy-00318,cart-service,307.9882684153097,0.7451110085079341,19,3,70.97836305168302,2,351.3968283710385,2,0,71,398,1
deploy-00319,order-service,507.1643262921374,0.0,34,5,46.69548557693352,11,397.10099414911383,2,1,86,1876,1
deploy-00320,payment-service,274.2361007875064,0.530735305833219,14,4,66.50799086292125,11,224.81888958605333,1,5,59,191,0
deploy-00321,cart-service,2.3053271622594025,0.2512972498615545,20,5,80.72398537305828,6,396.39760754410776,1,0,82,747,0
deploy-00322,order-service,40.2783988376832,1.001381827302439,2,5,67.5233039286195,0,199.05924615901472,3,0,17,1777,0
deploy-00323,cart-service,700.12030892946,0.06987424608563236,20,5,75.20277431226882,7,479.3970218450943,4,5,92,2007,1
deploy-00324,inventory-service,0.0,0.0,11,6,20.143447567791327,0,51.67060508688269,0,4,99,522,0
deploy-00325,inventory-service,331.94578680902765,0.7133343064494373,15,0,64.96163199981892,11,295.5200351225005,0,4,19,460,0
deploy-00326,order-service,41.01507228390588,0.5975658904684403,18,5,51.7365249872647,0,150.6632771013111,5,0,74,1784,1
deploy-00327,order-service,317.4531174323431,0.2538429165719695,19,1,85.42444578438266,6,169.43545156508304,1,3,26,401,0
deploy-00328,order-service,0.0,0.6403569514392631,18,6,100.0,8,249.83204170031647,1,3,83,849,1
deploy-00329,inventory-service,491.2622290886161,0.09308393511648783,21,4,50.56010920526577,0,283.6434099125387,1,3,60,2376,0
deploy-00330,payment-service,316.12225068384146,0.5468869052657873,11,0,58.767211321005604,5,138.0825275585911,5,5,75,312,0
deploy-00331,inventory-service,0.0,0.0,21,0,56.97490121360352,1,137.39130726023313,3,0,33,256,0
deploy-00332,cart-service,157.54279382176873,0.5295069794356131,10,4,73.44934848474453,8,358.9043549558712,4,5,25,292,1
deploy-00333,cart-service,124.21974089600981,0.0,8,5,44.637647769626284,5,329.6834842888872,2,0,39,815,0
deploy-00334,payment-service,175.336329788767,0.5565524329848355,21,3,65.56653490165881,0,50.0,0,5,13,2124,0
deploy-00335,order-service,354.76910611786116,0.43134399585309596,1,8,53.319413335559844,4,267.86858940494164,2,2,39,2253,0
deploy-00336,payment-service,158.74244930381968,0.23646539688001023,16,7,63.205384601767626,2,481.7848227544839,4,3,3,2352,0
deploy-00337,order-service,421.78960001397934,0.5236871347762364,17,8,69.43965555352543,2,457.5580541789499,4,2,14,748,0
deploy-00338,cart-service,97.48264550459909,0.1817383580308159,13,6,100.0,2,372.91713589268466,1,0,53,2892,0
deploy-00339,inventory-service,0.0,0.3571239620900109,25,6,25.52634647182797,4,409.0490807169541,4,1,24,681,1
deploy-00340,payment-service,108.40399294828362,0.4915324594033986,23,5,53.665739493797005,3,155.3557604301804,4,3,80,2758,0
deploy-00341,payment-service,0.0,0.021112870185812205,32,1,73.03856566157626,5,135.67061034441264,1,2,62,787,1
deploy-00342,order-service,0.0,0.1556678014653397,33,7,63.00330839009099,9,335.77887739550647,3,1,71,1946,1
deploy-00343,payment-service,203.6489957594706,0.4164407391019102,32,3,63.56002815120423,8,438.9558779320609,2,3,15,495,0
deploy-00344,order-service,116.50262047925602,0.6198561490720993,10,9,82.77966360809296,3,463.53392083975496,0,1,68,595,0
deploy-00345,cart-service,103.30018926929954,0.05158564556367007,5,1,55.509741327619224,5,149.2228390358191,4,0,28,2169,0
deploy-00346,inventory-service,208.98639162334038,0.3484769791219619,29,0,70.1298395688708,4,315.28809357565956,2,5,7,209,0
deploy-00347,cart-service,0.0,0.7197445737331671,22,1,47.856471924451405,10,248.6599198162044,0,3,30,1074,1
deploy-00348,cart-service,0.0,0.5303111275604504,7,8,55.583566844489276,0,360.8989038512355,4,5,12,2893,1
deploy-00349,payment-service,390.48725125327445,0.21722839787343196,25,2,49.317154130591824,1,523.93140203602,4,3,30,2960,0
deploy-00350,payment-service,280.5245239049223,0.09439421470712234,25,3,80.62362410447483,0,407.8966626423342,4,0,4,1531,0
deploy-00351,order-service,0.0,0.16545909137593678,9,0,89.30964832995387,0,492.39736362430716,0,5,15,447,1
deploy-00352,cart-service,153.9507367561036,0.1615542475311832,7,4,71.6709802327241,8,277.82699598771154,1,3,58,300,1
deploy-00353,inventory-service,172.74387364132897,0.5945119883278402,32,8,72.3941185127826,11,350.2626527929014,5,2,9,30,1
deploy-00354,payment-service,0.0,0.8930212238082944,4,1,75.74867708454674,8,545.8293927915721,4,0,85,2248,1
deploy-00355,inventory-service,223.3828697985228,0.31077773012092713,1,8,81.71229855772489,3,232.91254104203742,1,4,19,434,0
deploy-00356,order-service,251.14484267356536,0.40309047271672205,24,3,49.470511837032724,5,650.7645069635028,0,3,37,317,1
deploy-00357,payment-service,272.93339554480247,0.6441787826038597,5,2,52.10279386725341,4,301.0660665252318,5,3,71,2759,1
deploy-00358,payment-service,360.91561310586144,0.6910140953426107,4,2,65.78626132048592,9,366.521154829772,0,5,51,1667,1
deploy-00359,order-service,244.60396083826424,0.10453069591208969,17,0,50.75891667634073,1,334.7375921909368,1,0,1,256,0
deploy-00360,cart-service,119.25813975464133,0.0,3,0,48.56329407184892,2,262.93807543375084,2,5,33,437,0
deploy-00361,cart-service,144.90422107020828,0.8086648568127703,21,5,53.52660618283162,8,424.52437214597103,2,3,15,985,1
deploy-00362,inventory-service,261.54739020158013,0.5621573298461132,23,1,54.03308924269963,1,256.180910017243,0,3,14,1274,1
deploy-00363,payment-service,259.27589126897084,0.0,15,7,100.0,6,400.27509543241115,0,5,37,2273,1
deploy-00364,order-service,223.36394745751895,0.24280741729450703,17,4,63.74506632062649,3,342.3377931791932,5,0,21,95,0
deploy-00365,cart-service,327.85940181804256,0.28034423345785214,3,5,86.94655014405734,6,361.19226504775327,2,0,20,2217,1
deploy-00366,payment-service,224.12210014716152,0.5403861654490294,3,9,71.73913352120381,5,123.42850322129152,3,3,20,2543,1
deploy-00367,payment-service,172.39540118806244,0.0,29,0,57.59258780677786,11,301.30051861315314,0,1,45,1112,1
deploy-00368,cart-service,198.26627945854378,0.06773618551956467,18,9,97.2382095493498,6,176.43067589594344,2,0,19,328,1
deploy-00369,cart-service,40.85540759023456,0.8285076643699862,23,8,61.45045025812825,9,193.42106878163932,3,0,89,135,1
deploy-00370,payment-service,49.726390565330064,0.3100979802985827,17,9,80.37207530992738,5,166.42442094203506,5,1,18,1051,0
deploy-00371,order-service,362.45383140415674,0.30785322408515503,21,5,60.65712773847372,8,291.6016269580322,2,2,1,2680,1
deploy-00372,order-service,255.17775054622192,0.42867693085222275,30,7,68.03081591530533,5,332.5380614550549,3,2,30,2863,1
deploy-00373,payment-service,267.7129410505335,0.6196252289590958,30,5,44.82068044823494,2,183.41475453718658,5,5,52,1329,1
deploy-00374,order-service,364.86728542523895,0.7521027585464486,5,6,51.60009806243555,0,420.2912097479783,5,0,73,348,0
deploy-00375,cart-service,312.40105191057535,0.7685355232289199,23,4,76.70495062717711,6,259.62052035672303,4,4,41,1557,1
deploy-00376,order-service,0.0,0.31088083277469913,18,9,59.372600161885984,1,212.97643067326214,2,1,62,711,0
deploy-00377,payment-service,309.89944893530424,1.0406435638203235,27,2,35.634724802623055,10,215.14491409348432,0,2,35,479,1
deploy-00378,inventory-service,191.04032488362625,0.5971129904216451,3,4,48.88563666774416,9,198.2264699135653,5,5,45,758,1
deploy-00379,payment-service,6.670633611534669,0.5079642525814281,20,4,19.815722448447772,0,282.3261953952635,4,1,5,140,0
deploy-00380,payment-service,131.862234089294,0.5560856597326156,30,6,59.896716499570914,9,50.0,0,4,81,1686,1
deploy-00381,payment-service,286.28602819850914,0.35227267827591074,2,2,59.43807414024181,11,283.87897544748284,0,4,26,1364,0
deploy-00382,cart-service,252.4410709593025,0.44180196427971463,1,0,34.01485647311513,9,173.37481614204768,2,1,79,2900,0
deploy-00383,inventory-service,279.2437126998012,0.6603821430950028,16,3,59.79542738873758,6,50.0,2,5,18,2797,0
deploy-00384,cart-service,358.81532628967835,0.0,16,9,79.19323731275753,6,500.6681842844871,4,1,62,1505,1
deploy-00385,order-service,0.0,0.0,1,3,57.83874660857651,1,84.12472267718232,4,4,34,1188,0
deploy-00386,order-service,388.82704261684535,0.45279791034208466,15,6,86.28624372494365,7,103.23386799378483,4,2,43,2433,0
deploy-00387,cart-service,499.1132008063792,0.7273775940854124,10,1,93.0694076953501,11,198.8655130832474,5,4,91,1836,1
deploy-00388,payment-service,197.02883845889053,0.350565348123726,19,6,100.0,10,256.9769755322112,4,3,99,1308,1
deploy-00389,order-service,108.37266331023112,0.7925075022827375,6,4,64.24489931102939,0,50.0,0,0,63,2121,0
deploy-00390,inventory-service,36.162636849853754,0.5327134987098703,8,2,60.444689088373146,3,365.83172160287575,3,5,45,691,1
deploy-00391,inventory-service,263.54694028973034,1.1723630874798339,17,1,27.080296017078716,1,463.1613907104676,3,3,28,1045,0
deploy-00392,cart-service,273.57369685891354,0.0,10,5,22.24998807838824,11,216.5766736364183,3,4,60,1521,0
deploy-00393,order-service,345.70780856471885,0.9085138925034326,7,7,86.62749587874293,10,359.9362836156302,1,1,18,2290,1
deploy-00394,payment-service,17.59704350063251,0.35129493132267664,11,5,93.81625196008527,4,243.73041581867312,4,4,16,239,0
deploy-00395,inventory-service,138.60023290677356,0.9127475629274668,27,3,41.190324906232895,10,274.228697823077,0,2,74,2342,1
deploy-00396,cart-service,3.7741071420179253,0.6287477822247298,28,4,52.487517871972074,1,411.3584451241288,3,5,74,2650,0
deploy-00397,payment-service,255.89837361168185,0.428967713285704,15,0,78.13637053440276,6,140.8948389011302,4,0,50,446,1
deploy-00398,inventory-service,446.59509600085147,0.5846531601048319,7,3,34.19291248303179,3,233.1754149834124,5,3,57,2089,1
deploy-00399,cart-service,260.11257783380194,0.0,6,5,58.30135925452785,7,379.46386804163626,0,5,40,2011,0
deploy-00400,order-service,248.77268282464664,0.35676102368262197,31,1,97.10966765587929,2,407.34292995421634,3,3,77,1258,0
deploy-00401,cart-service,355.74760503782596,0.0,3,2,59.94555374853883,9,218.2680095379207,4,0,12,2451,1
deploy-00402,cart-service,199.27299146428797,0.010380822496186715,2,2,92.62558031117851,4,501.48921973685447,4,1,94,646,1
deploy-00403,inventory-service,303.3703571641828,0.7247340010407713,7,5,63.55175322338913,1,158.74487561439724,1,1,91,2726,0
deploy-00404,payment-service,0.0,0.6757558412602711,24,3,66.56900261555823,2,240.75020211901887,0,3,88,1092,0
deploy-00405,inventory-service,44.058238209400486,0.2585483477042518,11,7,91.94646483227118,10,520.1485901033105,1,1,87,178,0
deploy-00406,payment-service,82.90689455884466,0.0,6,0,84.36491184742587,2,612.670830417467,2,5,60,1853,1
deploy-00407,inventory-service,0.0,0.963828637932854,2,7,64.22179930427565,6,346.76690314916823,1,1,59,161,1
deploy-00408,payment-service,202.57549420303545,0.0,15,4,88.83187228365132,6,144.79837753542375,0,0,66,1007,0
deploy-00409,order-service,29.81772346510192,0.8182262101083099,15,1,100.0,9,256.946494719121,5,5,89,2500,0
deploy-00410,cart-service,382.40211540754615,0.22152129715397195,28,1,61.571003370244135,7,56.38801946265724,0,2,72,2462,0
deploy-00411,order-service,0.0,1.0326716205618949,33,1,52.05179588596765,9,208.90123526544954,2,3,66,1745,1
deploy-00412,inventory-service,188.78079145604357,0.9503361910989538,34,9,82.06465325738152,9,357.8639569132505,2,1,3,2572,1
deploy-00413,payment-service,25.820712533696877,0.4515076748201059,4,8,73.04881506687043,10,185.57910311582484,5,0,74,1544,1
deploy-00414,payment-service,0.0,0.0,26,4,74.75766684039132,3,329.00470631568646,1,0,15,2964,1
deploy-00415,cart-service,1.9745107869038634,0.6637943608978412,4,4,66.59345478535128,9,155.0118696589609,1,3,29,1899,0
deploy-00416,cart-service,225.52161357372688,0.025548420335093525,33,4,100.0,9,452.5255076893018,3,0,81,2278,0
deploy-00417,inventory-service,398.0747855374613,0.17358537195632712,3,4,61.68699048631957,2,90.69306117301679,1,5,53,401,1
deploy-00418,inventory-service,47.19752555500898,0.632826074842064,24,0,61.428560642122925,0,339.54188459633247,0,3,54,1953,0
deploy-00419,inventory-service,154.99750508353728,0.4782127214671826,15,2,47.786339136709486,2,365.37212529502114,1,0,5,489,0
deploy-00420,order-service,298.3900214398708,0.7772880663579743,22,9,62.98444168108026,6,458.04890948632567,1,0,72,1304,1
deploy-00421,order-service,54.922161657445656,0.6954727934206891,15,8,57.50409850419833,10,260.64920731374224,0,3,56,112,0
deploy-00422,cart-service,99.40631952771858,0.0,19,8,30.832002140933042,11,344.77070488178936,2,3,78,1252,1
deploy-00423,cart-service,56.422756981873334,0.9047714256937391,10,9,52.363686218344384,0,223.30636663814704,2,4,86,1935,0
deploy-00424,payment-service,155.38095484861591,0.004850685424690304,21,6,29.265468123101797,8,183.3817818451727,3,2,51,847,1
deploy-00425,order-service,378.8568507675378,0.7736447188694271,14,3,83.55091554627086,9,362.5635331605365,2,0,2,1420,1
deploy-00426,order-service,365.38023849355613,0.12228755373414729,23,5,74.19800532615541,3,239.324951672037,0,3,67,1411,1
deploy-00427,order-service,409.7858333862182,1.0887076562324902,7,5,58.412169251746114,11,256.3933784618059,0,5,15,79,1
deploy-00428,cart-service,116.28584403789614,0.7027705981382601,25,8,61.57534511815348,5,50.0,0,5,83,2788,1
deploy-00429,inventory-service,52.712563923244005,0.37277037436555105,5,7,84.65832412923524,6,50.0,4,1,4,1212,1
deploy-00430,inventory-service,225.48184864151415,0.3432962479523075,7,7,60.08997020528998,8,422.3113524734114,0,4,46,2646,1
deploy-00431,inventory-service,128.94759609982674,0.7855823296038363,28,8,63.724914700187036,10,218.3921531384856,1,1,41,1565,1
deploy-00432,cart-service,219.9992505588778,0.05617177136705781,23,8,100.0,10,223.32614120669655,0,1,32,1688,1
deploy-00433,inventory-service,156.53199720213928,0.3384644182981186,29,6,37.34523659402747,6,236.81088858701537,4,0,61,1501,1
deploy-00434,cart-service,164.02247642661436,1.408826446587907,12,7,48.78222112382822,1,338.6659771645835,4,1,33,1832,1
deploy-00435,payment-service,0.0,0.047794248311477494,30,8,56.836536480220914,10,309.2216906719136,2,5,63,2834,0
deploy-00436,payment-service,0.0,0.06760600536580563,3,1,98.28466502995276,11,297.2564554174256,2,1,53,406,0
deploy-00437,order-service,0.0,0.0024515112780949533,10,4,56.92400718433783,5,81.52330268680575,0,0,63,2862,1
deploy-00438,order-service,419.1246407206096,0.5633016134526727,18,6,49.887065671496146,2,258.4215010366251,4,2,96,1962,1
deploy-00439,inventory-service,0.0,0.0,15,0,43.873070729930845,4,344.1240845007767,0,2,7,2971,0
deploy-00440,order-service,234.5778215580221,0.6748110012751731,34,8,34.55371538783881,3,215.34104801507647,4,0,84,1370,1
deploy-00441,payment-service,3.097854676944195,0.0,7,9,100.0,10,178.6376321031074,3,1,7,1495,1
deploy-00442,cart-service,69.27965851877542,0.5274813388916799,6,9,71.46166515875801,2,202.5812692047269,2,3,26,1653,1
deploy-00443,order-service,314.31284341027936,0.0,16,8,49.889185625189434,2,91.56018875639981,2,5,73,2393,0
deploy-00444,cart-service,215.47042891847275,0.8699054231204597,23,6,66.36201926875438,10,472.06795508960283,4,3,21,1647,1
deploy-00445,payment-service,299.5143280377199,0.8829676896448642,14,5,91.15831247559677,4,50.0,3,4,69,423,0
deploy-00446,order-service,168.7472524429106,0.30729422993844835,17,3,84.76460507500269,3,50.0,2,5,18,2013,0
deploy-00447,cart-service,402.61935820744804,0.9190890403331401,16,1,55.897653319226656,3,214.0793402325515,2,4,49,2901,0
deploy-00448,order-service,4.097431583593362,0.0,6,1,69.69191161786874,9,505.1189137642475,4,5,88,559,1
deploy-00449,cart-service,306.53671008744493,0.7213302153977501,23,0,59.88720589904409,0,196.37048371681973,2,3,6,485,0
deploy-00450,payment-service,254.78707433690292,0.8688197541454534,13,1,70.66882871489274,3,94.88332907054345,1,3,3,1858,1
deploy-00451,inventory-service,351.98227033012995,0.36399772921823037,7,5,39.93389475309674,10,287.98067654430247,1,1,22,1781,0
deploy-00452,cart-service,127.72027999810734,0.3386903981675258,24,5,48.239616391486294,7,424.94324597987304,1,5,67,304,0
deploy-00453,payment-service,209.06240987187587,0.4104358701950155,25,3,84.35100831982271,3,201.85302394244167,3,3,34,2308,1
deploy-00454,order-service,0.0,0.13941349229914124,21,5,52.12351972054995,5,345.20659631350065,3,5,41,1168,0
deploy-00455,inventory-service,279.83380249662287,0.6582333603618806,6,5,68.23324772759108,9,579.8271780223498,4,3,5,1293,1
deploy-00456,payment-service,154.3013752826066,0.43902585476322437,18,0,45.74739049828098,10,227.59971443927537,3,2,1,1596,1
deploy-00457,payment-service,331.2002876091693,0.4152758926708822,14,0,54.16799397132158,0,335.8143585397723,0,2,98,764,0
deploy-00458,cart-service,301.28827861556294,0.6560574680084011,15,0,69.89878454088937,0,409.526339267729,4,2,23,637,0
deploy-00459,inventory-service,39.90189512511924,0.4238331028053421,10,1,20.69439768793059,7,217.06090161118604,5,2,40,1618,0
deploy-00460,order-service,39.814162895215844,0.0,33,2,57.08712891747998,3,173.50342354986157,2,3,56,2957,0
deploy-00461,inventory-service,354.4522435781669,0.44308474905745193,31,8,30.67502645030897,8,183.8028259156476,5,4,65,330,1
deploy-00462,payment-service,0.0,0.6431842137069596,3,4,76.00690202809777,8,372.6567409394369,5,1,99,1567,1
deploy-00463,payment-service,47.7189468836994,1.097644312831259,31,6,80.51504600899818,2,50.0,0,3,3,2243,0
deploy-00464,payment-service,274.9475808732857,0.22502575062574653,7,7,48.82739060254889,2,158.6864614532011,0,2,26,358,0
deploy-00465,payment-service,70.24857758219574,0.7064238482629217,7,1,72.13425278071905,11,362.0270215951442,1,0,74,1016,1
deploy-00466,order-service,13.868140707584388,0.8060120716670718,8,8,71.99543635430119,2,239.3025899311098,4,5,69,117,0
deploy-00467,cart-service,8.444441967636891,0.5568649005720422,27,4,100.0,4,292.76857620134086,3,4,98,2487,1
deploy-00468,cart-service,519.0528440957823,0.4093302504740861,18,4,57.08164071178805,10,468.1777061438555,3,4,28,1033,1
deploy-00469,payment-service,241.40364028917935,0.9183686465285286,7,6,74.12024364218257,0,50.25328599137751,3,5,92,851,0
deploy-00470,inventory-service,231.70557585165008,0.05184210162305897,31,9,63.11757870864363,8,325.5475431286081,2,4,55,2383,0
deploy-00471,inventory-service,29.939000035905593,0.18883183625503275,34,7,54.782458233417046,10,311.49033774708505,3,2,94,2573,1
deploy-00472,inventory-service,193.46655812670372,0.0,24,1,64.42116535370471,7,307.6500938970112,5,0,90,2731,1
deploy-00473,inventory-service,350.5449978350176,0.7376780203880368,34,2,44.93365219276631,0,441.62952876104106,3,4,41,1220,1
deploy-00474,payment-service,234.1095044510295,0.1668152564817822,21,8,75.81219005894151,5,568.0121156576183,1,2,72,56,1
deploy-00475,cart-service,370.7617633719342,0.32976249841100547,19,0,71.01229613529073,7,333.0814480418248,1,1,78,2462,1
deploy-00476,cart-service,385.6185194152906,0.6170937007026309,22,0,57.27108475547166,10,493.44601729440706,5,3,5,1863,1
deploy-00477,order-service,251.19563079409312,0.5890319185426471,7,0,51.63250633400932,8,385.7377778040826,5,0,65,2820,1
deploy-00478,order-service,388.98523832362037,0.6598545819266322,17,2,69.52216020088743,0,238.18963116409333,3,4,89,399,1
deploy-00479,inventory-service,35.750754190051,0.08299292431034283,20,3,69.44264485098904,11,245.9566245347189,4,3,44,2500,1
deploy-00480,order-service,134.48915940192936,0.2983005553264719,3,4,28.26979595249854,10,131.4198325415621,3,1,70,1468,0
deploy-00481,inventory-service,117.19259256996278,0.5521344685992086,9,8,55.66421623912961,11,380.1663280789272,4,3,44,456,1
deploy-00482,payment-service,376.8547389361434,0.3855604737589925,10,0,43.34586355426369,1,309.18991320558104,2,4,73,601,0
deploy-00483,payment-service,139.28523195025312,0.3176001739225278,1,2,93.16897688492712,2,50.0,3,5,50,923,1
deploy-00484,order-service,58.59771432599128,0.21197579609005646,25,1,73.27694771624476,9,183.72163265606957,0,2,55,1328,1
deploy-00485,cart-service,256.68483822964976,0.35850257748943687,26,6,98.55138899750821,9,221.7712214423379,3,1,77,1415,1
deploy-00486,inventory-service,181.74193628287267,0.4500945364308629,32,7,100.0,1,300.4372369528556,4,4,23,468,1
deploy-00487,order-service,242.98909169528713,0.5360815582886598,27,2,63.94775813889222,0,341.95663146561793,3,1,51,1848,1
deploy-00488,cart-service,197.024295118213,0.0,21,5,46.3354889862133,1,183.62905857249837,5,1,80,2707,0
deploy-00489,payment-service,492.2721788709322,0.03284154117034377,13,8,85.43087731962973,9,336.599911267702,2,1,46,141,1
deploy-00490,payment-service,137.52171595545482,0.0,30,9,63.377856869012774,5,177.27994007466447,1,3,73,80,0
deploy-00491,inventory-service,249.21206654540694,0.6316860492848876,34,3,42.04194249619982,6,263.3403311333928,4,3,31,153,0
deploy-00492,inventory-service,118.35613842572408,0.2932467558782388,15,2,72.04924994377427,11,300.8491765712239,3,0,36,1982,0
deploy-00493,order-service,256.21264997858447,0.38729190237530536,9,0,79.72288524522111,7,50.0,0,3,37,1618,1
deploy-00494,inventory-service,0.0,0.0,29,8,55.55119575855151,7,51.34266878846674,2,5,61,854,0
deploy-00495,payment-service,302.7866050202604,0.3168485336562959,4,9,77.2200391965052,6,50.0,4,0,1,828,1
deploy-00496,order-service,23.061928915207176,0.04333492244006576,17,0,66.31966603836491,9,180.33822711532292,4,3,78,1391,1
deploy-00497,cart-service,63.446811299095415,0.9914813201460633,14,3,90.4008586785385,9,170.0121725975955,4,3,86,2634,1
deploy-00498,inventory-service,157.0238868044893,0.7112463768715362,4,8,61.70311236840471,3,119.97214601149679,4,0,54,1253,0
deploy-00499,order-service,376.57802047283394,0.7178698876476999,29,0,51.08641760966633,8,99.4167795982971,5,3,67,2316,1
deploy-00500,inventory-service,0.0,0.43139522917558404,23,1,75.57654986769225,1,306.69439390511104,0,2,92,165,1
deploy-00501,cart-service,0.0,0.11313458871162013,34,5,21.835006745041454,3,244.42588225991756,0,4,46,865,1
deploy-00502,cart-service,183.28566202345624,0.9401280709084656,24,3,49.627143900770676,3,212.96712162590757,3,4,40,92,0
deploy-00503,inventory-service,74.28788159725119,0.35627189921368607,34,8,69.24227402262449,9,307.2535801719421,5,4,21,130,1
deploy-00504,order-service,271.54463511898405,0.44578952803536875,20,8,100.0,1,127.44870238868809,5,1,31,2467,1
deploy-00505,order-service,64.68052059700551,0.62940824770093,17,6,54.667504760505224,9,363.724632584226,4,4,54,2311,1
deploy-00506,cart-service,218.99590245371812,0.47068266655875607,32,8,98.87532481524985,2,92.43700849771795,0,1,40,649,0
deploy-00507,order-service,55.00524550074354,0.11056367785836119,15,0,37.538986808627165,4,178.22072578633507,3,5,37,1962,0
deploy-00508,inventory-service,364.55359850559,0.0,11,7,50.97918352024391,1,490.23570668431387,2,1,8,2032,1
deploy-00509,order-service,135.39571777927165,0.3907301225425221,11,4,50.02622253260087,6,263.6940658263182,1,1,65,2817,0
deploy-00510,order-service,0.0,0.0803142525671815,31,4,62.242356221155276,2,261.23906178493394,0,2,62,991,1
deploy-00511,inventory-service,60.292810612332275,0.9510169898745959,23,0,70.80266654177511,8,519.134766899288,3,1,13,22,1
deploy-00512,cart-service,231.1214721090138,0.06269612717424272,2,6,86.15669536257813,11,290.85001016924923,5,2,20,2536,0
deploy-00513,cart-service,0.0,0.8849906343538841,5,4,48.618506719999104,10,399.24333963499964,2,0,29,2064,0
deploy-00514,cart-service,456.00982025539065,0.5758990246164373,16,1,80.8299786416965,4,61.45244869459765,2,5,69,835,1
deploy-00515,cart-service,234.14127135541872,0.37038633033743196,11,0,67.3620693001292,7,50.0,2,0,70,251,0
deploy-00516,inventory-service,255.80781921753714,0.4140949188269971,33,3,71.22746258243322,8,315.65099502896595,2,5,77,2191,1
deploy-00517,inventory-service,98.88944665692615,0.7163309340583908,9,4,81.0235674456346,4,272.30922638804094,1,2,24,1584,0
deploy-00518,cart-service,435.2723183473028,0.0,34,8,61.401597717904345,4,377.2774158082756,4,0,50,1295,1
deploy-00519,payment-service,241.80493906041423,0.7149914290360556,12,2,57.80676642665386,7,299.5460968266319,0,1,85,1047,0
deploy-00520,payment-service,170.8072200735556,0.6450887950177681,18,1,68.79280998044777,6,91.31856032036879,4,0,76,1023,0
deploy-00521,cart-service,518.4677695810685,0.3020609553016854,9,1,53.98366165332412,3,498.83457514169686,3,1,88,2729,0
deploy-00522,order-service,0.0,0.43532870623882997,24,2,81.92250491811211,7,525.9253004233844,2,4,37,872,1
deploy-00523,payment-service,4.332625681865011,0.0,2,3,47.07109687751456,10,73.33153484486934,1,3,3,1105,0
deploy-00524,order-service,99.7838598873587,0.23809267924481214,32,6,52.729148814217,11,382.1385194798797,1,3,86,1521,0
deploy-00525,order-service,49.93365842743913,0.5095085099890997,18,5,46.107441336167994,7,398.78415095508933,3,4,5,1939,1
deploy-00526,inventory-service,32.509540665243435,0.47467368015740735,1,7,46.101323287598014,0,50.0,4,1,77,1973,1
deploy-00527,inventory-service,330.5665611209645,0.9065155464311674,34,3,100.0,11,131.94970247911868,4,4,35,427,1
deploy-00528,cart-service,205.75788519715633,0.5464154138387243,17,9,72.64115148924999,11,369.83693913865324,5,1,45,1448,0
deploy-00529,inventory-service,74.05103881415707,0.23251192725850867,26,4,50.820819579083164,0,57.52782960945103,5,4,8,1237,0
deploy-00530,cart-service,229.82303105537582,0.5428611880272941,15,2,62.57943168440049,8,304.15016554471606,3,2,3,67,1
deploy-00531,inventory-service,314.78401014800556,0.2785517269937974,18,3,70.36717976037045,8,358.7986094719938,2,4,98,1245,1
deploy-00532,order-service,273.79380573744265,0.5992565956693963,7,7,87.18848378384114,10,117.57017281785991,0,4,61,2225,1
deploy-00533,inventory-service,228.85472063940358,0.5041772855833434,29,8,46.87052101053237,1,242.37300743360777,2,2,65,839,1
deploy-00534,cart-service,0.19868465911298472,0.5636980804788658,14,1,61.878729983561946,7,206.2339421270382,0,1,37,2199,0
deploy-00535,cart-service,47.20577631192762,0.7649390412448991,5,5,64.04490763022919,5,209.39893669844588,3,1,80,1526,0
deploy-00536,cart-service,222.91638348070677,0.7136242226897528,10,9,43.98672201533702,1,50.0,1,2,91,1913,1
deploy-00537,inventory-service,483.4411808896235,0.23690218214912484,9,7,82.08769321356743,6,101.95303663058922,3,4,32,1174,1
deploy-00538,inventory-service,453.08139560722213,0.8719856008171845,6,3,45.216084567386424,4,408.96304162273526,4,0,11,2091,1
deploy-00539,inventory-service,492.5642159410777,0.3308228667388564,34,4,60.25952253920467,5,357.250871649036,1,2,6,678,1
deploy-00540,inventory-service,120.77466031940537,0.8795519013247673,31,6,71.263312146647,3,260.1954956745438,0,4,98,1725,0
deploy-00541,inventory-service,278.47586802279784,0.0,5,7,79.66107186008759,1,235.56797756077015,5,5,87,985,0
deploy-00542,cart-service,256.69994037579545,0.2933877266277314,26,1,65.5052566219678,4,331.40145198404934,3,5,66,1433,1
deploy-00543,order-service,516.0858125792406,0.2383781922101438,8,3,63.683933578556314,3,260.07716644809716,3,4,27,767,0
deploy-00544,inventory-service,0.0,1.1083067074527473,6,9,76.6124523889397,7,50.0,2,0,25,1793,0
deploy-00545,order-service,308.87359777981555,0.22235284156438173,19,4,60.08899669598628,9,442.57676902439505,3,1,29,2230,1
deploy-00546,order-service,42.02799129734177,0.0,34,4,24.7057103813317,10,97.30169143484781,4,4,23,493,1
deploy-00547,payment-service,0.0,0.05129537356300179,17,3,82.36353559453337,0,385.35511257029805,3,0,62,1871,0
deploy-00548,order-service,145.79774020589247,1.1629947639359346,3,9,60.30646368155478,6,431.7623360794235,3,1,77,2439,0
deploy-00549,payment-service,0.0,0.6583501211183138,31,7,75.16750650035895,1,119.44394885633778,3,3,55,585,0
deploy-00550,cart-service,196.2682141913635,0.03436569840448933,4,2,37.9640814787338,8,70.14844112274824,1,1,91,521,0
deploy-00551,order-service,268.9092058020458,0.06537640204331019,13,5,70.44002213766376,7,155.75200219173806,5,0,65,1329,0
deploy-00552,inventory-service,450.76383752332663,0.3898494203545509,23,2,76.18740134614717,2,50.0,5,4,75,606,1
deploy-00553,order-service,284.48948817390976,0.8893054458466529,18,9,56.086408878935806,5,50.0,3,5,47,1895,1
deploy-00554,cart-service,390.90141285282226,0.724771321387495,21,7,54.74010501606513,7,235.77330896072468,5,5,7,158,1
deploy-00555,cart-service,383.45884054634115,0.4858086168331011,21,7,63.97314283310061,2,292.1809683884357,0,1,22,469,1
deploy-00556,inventory-service,0.0,0.0,14,5,88.91968356763539,2,298.43638456070846,3,5,80,692,1
deploy-00557,cart-service,474.3428876754984,0.6377055012728956,19,5,51.63459989389404,3,288.51756722707853,5,3,51,185,1
deploy-00558,inventory-service,91.32454264911289,0.35745345054635375,6,2,61.77541137638397,11,533.4069319026031,0,2,39,843,0
deploy-00559,cart-service,372.0949669982846,0.15956356622736478,11,9,28.560835408638397,6,418.4653165391342,2,2,48,465,1
deploy-00560,order-service,26.304841754656337,0.21782769541743904,25,4,70.0910825102545,5,176.78368369920975,0,2,52,2356,1
deploy-00561,inventory-service,123.46425914867879,0.5688574181393145,32,0,36.72982803503629,9,398.3596932063309,0,5,3,1675,0
deploy-00562,order-service,275.482507326465,0.8443676828913623,22,2,76.73164674666964,6,279.3727581822192,5,3,74,2479,1
deploy-00563,order-service,246.2931905136171,0.546472873815177,6,6,81.54505302281004,10,50.0,4,4,34,2809,1
deploy-00564,payment-service,363.1713522623461,0.3298604833570969,32,9,65.99481330889196,0,116.0901686142987,3,1,11,1306,1
deploy-00565,order-service,219.88985190980907,0.0,19,1,73.49368906411509,2,127.70703568081981,1,1,93,542,1
deploy-00566,cart-service,464.6533860072002,0.5730497740368606,17,2,46.321190947074726,0,173.43387266390806,4,3,4,1697,1
deploy-00567,inventory-service,111.8930836390981,0.08482743573393992,32,0,12.516664449971664,10,231.88471349889898,4,1,5,1982,1
deploy-00568,order-service,319.50188014960156,0.8882152472945319,17,3,85.27793668205511,0,50.0,1,2,8,919,0
deploy-00569,cart-service,180.940293566976,0.16149527712383882,32,6,28.835248899919655,7,50.0,1,4,25,389,1
deploy-00570,inventory-service,179.49006061000827,0.8068274710704633,25,9,67.96446192366957,0,414.27311219688954,1,1,60,32,1
deploy-00571,order-service,113.73306305847214,0.4755038832399718,18,5,44.031447149309486,0,370.2693864850671,0,5,33,87,0
deploy-00572,cart-service,0.0,0.7618184352253103,31,2,89.39926589554108,8,178.27526132257685,0,5,11,2923,1
deploy-00573,cart-service,186.6376645459752,0.5953965906027213,12,9,81.95703252600248,3,147.17025807204232,1,2,37,526,1
deploy-00574,order-service,300.7467290001,0.906656094937532,2,7,50.32102416772135,0,50.0,0,5,76,2734,1
deploy-00575,inventory-service,179.80110186883132,0.6282367945445798,16,3,86.51411249652789,3,596.7746688464244,2,3,87,314,1
deploy-00576,cart-service,357.20040389504635,0.40256526377222307,17,0,48.66912747606557,0,383.5040736614776,5,4,2,2748,1
deploy-00577,cart-service,140.05578110536612,0.45370132193517626,14,7,97.92986150967667,2,337.8229348369123,3,3,28,433,1
deploy-00578,payment-service,209.11094018209712,0.0,11,8,63.34205953036893,7,173.4313199457282,3,0,70,2469,1
deploy-00579,inventory-service,193.83593219226321,0.12219076383641281,3,4,65.2610785135088,9,50.0,2,2,82,1291,1
deploy-00580,order-service,81.17585806591518,0.6141043608896597,23,8,10.0,10,177.29469520726866,4,1,89,2612,0
deploy-00581,payment-service,50.69579798821829,0.45075217814969004,17,5,97.54462283327143,9,237.50010595050784,5,4,91,1740,0
deploy-00582,inventory-service,69.9627529051563,0.6232259565831545,7,3,22.65513375758946,3,242.01388020413833,5,1,78,354,0
deploy-00583,inventory-service,61.232489507382866,0.0,19,7,85.32646405081398,3,584.7679218238587,2,4,94,2291,0
deploy-00584,cart-service,530.1602028877559,0.3839379543474688,34,8,92.87039019220123,1,50.0,4,4,53,1019,1
deploy-00585,cart-service,689.3606462176842,0.07297024393383444,22,9,77.33015484935606,3,249.76419932962057,1,3,69,1048,1
deploy-00586,inventory-service,235.69209932609186,0.649570316369232,2,7,83.73933083828683,3,260.6941920246155,5,5,35,142,1
deploy-00587,inventory-service,98.68343054510284,0.12249338028547696,5,7,31.976444818889377,5,214.75739443381468,1,4,29,755,1
deploy-00588,cart-service,244.5578720447785,0.7090780722619905,13,7,56.25945384779996,7,330.6144655208616,5,2,70,146,0
deploy-00589,inventory-service,282.2635003984663,0.7739756174879324,20,6,92.07671093586214,8,308.8093174875613,4,1,48,2741,0
deploy-00590,inventory-service,242.41454407065493,0.3408882318834068,23,2,33.270867108956,11,168.76362073085835,3,2,29,2460,0
deploy-00591,payment-service,237.09376439059005,0.19230728845023182,3,4,81.97733072070142,10,145.18548717777762,2,4,5,2488,1
deploy-00592,inventory-service,731.0140430860536,0.8190867937897286,5,0,47.4815117183653,7,235.44113111887884,4,4,17,664,0
deploy-00593,payment-service,0.0,0.6205066362389845,8,9,35.25057613238483,2,285.8738026865858,3,0,20,588,0
deploy-00594,cart-service,12.609060551296011,0.4132581603603668,32,8,24.93261741199609,11,361.0964064764611,3,2,31,950,1
deploy-00595,cart-service,280.3528860744008,0.21859514498522548,24,2,67.46618808884917,2,179.3689180426359,0,3,39,2193,1
deploy-00596,payment-service,10.882769685392248,0.7678914932435635,6,8,72.58688698361227,3,108.26655735966102,3,1,70,2187,1
deploy-00597,cart-service,27.438477468856433,0.5686284828617238,2,0,67.04845621437823,4,469.2761289090399,4,4,3,38,0
deploy-00598,payment-service,49.71392438110266,0.16666889000429014,22,6,88.8310162530029,11,476.82153371828804,0,2,81,1980,1
deploy-00599,cart-service,301.22177791476975,0.10614065946634305,25,4,74.83860402712618,2,223.40880077740005,0,0,38,2439,0
deploy-00600,payment-service,0.0,0.5386892710274203,26,2,34.46828286624632,9,151.76565380350416,3,2,7,37,0
deploy-00601,inventory-service,41.57111597754201,0.634295037672751,26,6,72.75251543029495,6,309.8469452108851,2,1,14,209,0
deploy-00602,inventory-service,315.27258374969335,0.7623306810790083,4,2,87.62848741005459,0,278.2111051448556,2,0,93,1564,1
deploy-00603,cart-service,66.39740234272298,0.03474320763260502,22,7,75.08415037068916,2,245.52533785831784,5,1,10,1363,0
deploy-00604,inventory-service,146.07793559516577,0.4483100697031865,34,3,26.2799774183174,4,241.3645356391894,1,5,77,2643,1
deploy-00605,inventory-service,507.0166274718621,0.33662713412500717,15,9,100.0,7,167.4976632441167,2,5,36,766,0
deploy-00606,cart-service,232.2084216390117,0.4270292613396947,11,8,66.51583099928706,2,384.60421885300366,2,3,34,2627,1
deploy-00607,payment-service,137.36696918977862,0.7973668147540687,6,1,51.656989724632595,7,149.71182138287654,0,2,73,994,1
deploy-00608,payment-service,135.10708510138343,0.12428875585867072,34,4,97.0881999207071,1,50.0,1,1,22,1299,0
deploy-00609,payment-service,285.5283195089287,0.6031069522015367,10,1,76.69835999493408,2,426.3528104846525,4,2,48,2527,1
deploy-00610,order-service,0.0,0.4517348439531746,12,4,88.11502074996837,3,50.0,4,0,10,2886,0
deploy-00611,payment-service,398.81894122637493,0.26273969099206895,21,5,92.21803174954107,3,50.0,4,4,14,1375,1
deploy-00612,order-service,340.30247853864273,0.03017191035478517,3,2,64.19751884393342,7,357.3307077555999,3,1,35,2017,1
deploy-00613,cart-service,568.8665001110351,0.0,32,2,43.26929947531416,2,402.8216864810114,3,3,87,485,1
deploy-00614,inventory-service,234.94359146598026,0.6192954877629797,30,6,38.402179551188375,6,359.1679225465284,0,0,11,2947,0
deploy-00615,payment-service,174.2155795438772,0.9035834408994927,29,5,61.006604016542866,4,119.44794735138504,4,4,45,2852,1
deploy-00616,payment-service,0.0,0.8961067328834689,11,4,82.9846214362222,5,333.71755179244815,3,0,91,1718,0
deploy-00617,inventory-service,262.6464027129852,0.7323729406918356,32,5,72.43535281105727,5,388.6863034892779,1,5,45,2733,1
deploy-00618,cart-service,225.7615841007018,0.07858273373260266,19,5,77.7081860203658,5,383.0035113109144,2,4,78,874,0
deploy-00619,cart-service,420.88055068440997,0.732620531908032,22,0,100.0,10,144.41809884253036,3,2,28,949,1
deploy-00620,payment-service,144.73719976154223,0.25940024383678084,21,3,72.0483875802008,8,159.89550583459948,3,1,24,1275,1
deploy-00621,order-service,0.0,0.06826900897075033,15,4,66.48332353212044,8,108.19259809602772,2,0,18,1696,0
deploy-00622,payment-service,248.40210923136982,0.4543263961668408,28,2,91.088101938678,7,50.0,4,0,99,1315,1
deploy-00623,order-service,422.3420333030732,0.7342336744396099,31,1,78.56805750593267,4,346.0453551498604,4,5,79,2402,1
deploy-00624,order-service,257.3844631883141,0.5259366382650835,26,2,64.25093830033401,6,142.1371781667307,5,4,94,786,0
deploy-00625,cart-service,0.0,0.13700094234128185,23,5,76.29484516980814,10,68.16849643798506,1,3,62,2713,1
deploy-00626,order-service,168.92252491608252,1.0345981472757122,20,8,84.74646188053902,10,300.6239708228259,4,3,85,1273,1
deploy-00627,order-service,72.41661267514016,0.3894734105060249,3,1,69.92556182987717,10,324.0584071690372,1,3,54,2569,0
deploy-00628,payment-service,603.1732087339708,0.6065972489208326,10,6,49.53609766314246,10,326.3676353576453,0,0,83,208,0
deploy-00629,inventory-service,326.9783367185987,0.32973961695986725,19,4,77.42395118905804,10,418.7193947756857,3,4,89,1660,0
deploy-00630,order-service,354.4923656930272,0.5856235467350613,24,5,95.04230295989225,9,91.77364985221402,5,0,73,2294,1
deploy-00631,cart-service,148.1421324463227,0.10261351737598368,3,7,68.40677541613576,10,390.20230943444955,2,5,31,910,1
deploy-00632,inventory-service,58.242750431085,0.5510934230807816,31,7,98.7964524088203,1,451.3273442159828,5,4,7,2743,1
deploy-00633,payment-service,143.25072203526585,0.48549001169183986,25,3,74.39072734031652,10,388.19952968165273,0,1,93,2862,0
deploy-00634,payment-service,113.56893983733539,0.41247609086671716,33,2,65.63148244562765,9,320.902463835792,1,3,23,445,1
deploy-00635,cart-service,97.56700122759806,0.8800852509508118,9,2,10.0,10,351.1034803474295,5,2,83,1856,1
deploy-00636,order-service,339.45982065908026,0.44697298089571597,26,8,73.92275654479573,2,422.6259623728088,2,0,69,2129,1
deploy-00637,cart-service,297.61688379730094,1.0624138718062035,25,8,25.242483407973076,11,50.0,3,1,9,2217,0
deploy-00638,order-service,0.0,0.7219949607464349,28,7,54.03681750312594,9,224.12170210240237,1,0,89,2320,0
deploy-00639,inventory-service,244.40907504342957,0.5354846101307003,18,5,70.72389885108633,4,400.3047989965372,4,4,73,1701,1
deploy-00640,cart-service,268.88954337599273,0.2556709195404282,25,3,65.56510743020091,0,204.40979852197853,4,0,64,2043,0
deploy-00641,cart-service,219.3629602973145,0.7473845883569727,18,4,100.0,2,193.03960782255504,3,4,30,2539,0
deploy-00642,payment-service,413.0814564306725,0.6602608070096653,6,4,100.0,8,197.2421257717516,3,4,39,2019,1
deploy-00643,order-service,222.28278425423332,0.31103922014744634,12,2,28.06007645618746,1,208.21063407906934,5,2,8,611,0
deploy-00644,order-service,218.56841306216535,0.8044847968183806,12,1,68.33470339266718,5,130.45635200781908,5,1,71,318,0
deploy-00645,inventory-service,0.0,0.36552069085452193,34,9,55.748343718868455,3,405.4561363838469,5,3,66,1550,1
deploy-00646,order-service,720.5769630999973,0.5029714267798594,9,2,30.79063900853449,7,168.48245090448643,3,1,37,2482,0
deploy-00647,payment-service,413.02656627074623,0.46483343004364397,5,5,27.830241245180403,3,317.838118405329,0,0,12,1443,0
deploy-00648,cart-service,372.4937102330487,0.6542337821416697,6,2,75.41441797403478,3,380.27084822517935,4,5,36,1487,1
deploy-00649,cart-service,245.9832769623905,0.5636385786300975,9,9,87.96990597160702,1,119.14223375593107,1,3,54,2545,1
deploy-00650,inventory-service,0.0,1.2939354138738894,27,4,53.08593449173188,6,539.1054632845342,3,0,70,432,0
deploy-00651,order-service,162.15259992800034,0.5023194352588283,16,1,76.70278914922153,7,241.8477902298892,4,5,57,332,0
deploy-00652,inventory-service,209.00660421524387,0.9086503252910312,10,6,59.43364880576678,9,50.0,1,1,53,1407,1
deploy-00653,payment-service,271.1187768372881,0.1307725214335722,26,4,92.49497366461308,2,418.99155229437883,3,5,25,156,0
deploy-00654,inventory-service,246.6451676697789,1.245430646812666,9,2,49.487810414767914,6,311.5553054007307,3,3,96,2511,0
deploy-00655,inventory-service,127.14586574766264,0.31796751406630436,21,8,62.00128799064867,0,165.64474256152135,3,4,53,1117,0
deploy-00656,order-service,330.1779267185126,0.7198626758659319,12,8,70.45105245942935,0,209.64542736090095,4,3,9,244,0
deploy-00657,cart-service,204.8602996841363,0.3785056792674454,11,9,75.15323537777435,5,394.8013168364163,1,1,8,2322,1
deploy-00658,cart-service,215.4691241027912,0.5208113631954243,22,3,61.5014023599232,0,50.0,1,5,68,678,0
deploy-00659,cart-service,80.99988809153253,0.3521430962688655,12,9,74.59465031045023,6,465.86126252293303,3,2,62,2007,1
deploy-00660,inventory-service,173.7597767447708,0.8031891671892694,2,9,77.9713167593207,5,50.0,4,5,47,2725,1
deploy-00661,payment-service,373.26766768659576,0.9103328200604983,13,0,89.11081128960573,10,94.45091430119226,0,0,59,1716,1
deploy-00662,inventory-service,0.0,0.34938510378045734,3,9,74.21484020236927,10,552.6714057408838,2,4,97,2115,1
deploy-00663,payment-service,0.0,0.8386969591024687,22,9,52.05904721182546,1,442.1845845643858,4,5,46,2937,0
deploy-00664,inventory-service,169.82475239170526,0.7238813632353394,5,1,72.36293110396814,10,546.2336628036037,3,5,21,538,1
deploy-00665,payment-service,519.7091271680268,0.8654119706096782,16,3,60.66613491888159,10,336.4104255342086,4,1,82,1289,1
deploy-00666,order-service,124.2585193526939,0.3932529226746288,1,8,99.36199992479644,4,214.04293322037972,2,3,71,1306,1
deploy-00667,payment-service,456.1646338126485,0.5211775836434986,29,3,61.92899355659924,0,329.20280195417837,1,4,11,2662,1
deploy-00668,order-service,129.99408607625406,0.36512612277268836,14,8,100.0,3,69.34495771989344,4,1,3,880,1
deploy-00669,cart-service,280.51300014820623,0.5102108978731639,32,0,51.15827686743261,2,213.38158423710718,4,3,65,1086,1
deploy-00670,payment-service,309.89839802624164,0.5358742320003458,30,1,28.20690020395071,6,50.0,4,4,52,1484,1
deploy-00671,order-service,323.3686316272463,0.13899538133506312,12,0,100.0,1,50.0,1,5,72,1136,1
deploy-00672,payment-service,144.84873219617805,0.49542381286164516,19,5,80.61082218993,6,50.0,1,5,72,1300,0
deploy-00673,payment-service,168.55174902244397,1.117672589654709,34,9,49.0370859042713,7,237.25152985948768,2,1,20,2857,1
deploy-00674,payment-service,146.02047019328768,0.43230503745087634,26,5,65.0741070159495,10,190.7504093052738,3,2,14,2066,1
deploy-00675,order-service,434.7314468605549,0.3776902588013762,3,9,15.424869641983314,6,335.24669634488185,1,3,31,2180,1
deploy-00676,cart-service,0.0,0.772786779410178,12,6,58.72115090504296,2,105.0721941891344,4,1,75,486,1
deploy-00677,cart-service,0.0,0.5287908544634409,22,3,82.28087252148461,9,341.009976611759,4,4,76,2418,0
deploy-00678,payment-service,147.95952023649417,0.593839888160504,13,2,79.09152834115103,1,364.50082712973995,1,0,30,2795,0
deploy-00679,payment-service,0.0,0.8225646612867124,20,2,63.083310007142856,10,50.0,4,2,97,1050,0
deploy-00680,inventory-service,264.76809743281376,0.4811542887876579,34,7,82.09346172982609,5,50.0,3,4,59,1090,1
deploy-00681,order-service,128.71426805775621,0.22746910520832922,15,3,75.87614495835813,9,128.91342918108757,0,4,3,2163,1
deploy-00682,inventory-service,0.0,0.7217979430990514,22,2,82.53661792128106,1,169.95486262609757,4,0,11,1258,0
deploy-00683,inventory-service,0.0,1.146275845503564,6,0,77.89028177364392,6,169.46963006938012,5,4,39,1199,1
deploy-00684,order-service,32.00956463599937,0.5044124855292003,2,4,66.80104851242108,8,324.85339010766165,5,1,28,483,0
deploy-00685,cart-service,0.0,0.11283377533565953,24,4,38.35708488616709,5,369.31898123056055,0,0,57,1539,1
deploy-00686,order-service,27.97375929389554,1.1681344645786351,17,4,48.75197682886926,5,50.0,5,4,82,692,1
deploy-00687,payment-service,312.1503606654367,0.6990122780486414,3,0,51.28586757854053,10,282.82290565702004,0,1,43,130,0
deploy-00688,payment-service,352.8937070910925,0.796873341791025,6,6,84.96935809246,11,243.38722943383044,1,4,19,630,1
deploy-00689,cart-service,232.25983030398402,0.5111141466254218,13,9,100.0,7,445.7515733269637,4,1,10,2657,1
deploy-00690,inventory-service,60.791581252656,0.6035857831765938,2,3,38.72743781991673,10,80.77798943618996,2,0,17,103,0
deploy-00691,payment-service,340.5347998601049,0.3574720072703098,8,0,35.96589172469203,0,367.2610342071726,3,3,19,2254,1
deploy-00692,cart-service,155.89754514593253,0.5095159349962225,27,4,35.59568755805042,1,360.4084200607562,4,3,21,2906,1
deploy-00693,cart-service,426.11120715659195,1.0361396333594883,31,8,100.0,10,243.55883755648827,0,4,32,2417,1
deploy-00694,order-service,0.0,0.9004822909814191,10,9,59.020895388444956,5,153.75513412929757,2,4,84,284,0
deploy-00695,cart-service,535.9424046398619,0.0,29,8,44.31284459812603,1,398.250661181728,5,0,14,2081,1
deploy-00696,payment-service,454.4218360437324,0.6414358302556135,19,6,11.661650439342054,7,239.9816981756784,4,5,28,347,1
deploy-00697,cart-service,0.0,1.0488855461270046,7,2,49.64408880537128,4,255.12369153111834,2,2,84,2243,1
deploy-00698,cart-service,0.0,0.3165956423041497,15,5,35.97093351253456,8,284.37742521762596,0,5,34,1366,1
deploy-00699,order-service,325.34315803799706,0.0,22,5,75.64678544978946,5,216.8675190173712,3,5,11,2294,1
deploy-00700,order-service,52.72400755012504,0.4978447211645244,10,8,48.37268602405389,5,271.7750170595519,5,3,43,404,0
deploy-00701,order-service,48.36017684900884,0.8091251895537365,13,3,52.489906962084795,6,431.96848756982,1,4,84,867,1
deploy-00702,cart-service,178.57750328778872,0.21843146263766333,11,8,51.13173337665295,5,472.77345174067796,2,3,43,2264,1
deploy-00703,payment-service,129.35558657149727,0.439491793267035,30,9,51.74295555726589,11,231.06444890901028,3,3,98,970,1
deploy-00704,cart-service,153.38844178843382,0.36681072655815206,21,4,38.6671714268398,1,94.49097298619725,5,0,32,638,1
deploy-00705,payment-service,388.5109067531212,0.9929119965122912,18,6,47.938200055296846,11,175.71270697095164,0,1,42,73,0
deploy-00706,inventory-service,351.2408414508791,0.24999265017510747,15,9,83.53120138434117,1,75.95692810602202,0,5,61,2078,1
deploy-00707,inventory-service,261.11032143950996,0.3372920799766529,18,2,66.03109126649919,0,77.95559076003556,1,2,13,1410,1
deploy-00708,order-service,243.4848600466468,0.0,14,5,100.0,10,231.59856683279193,0,3,87,956,0
deploy-00709,payment-service,0.0,0.6471895931819615,20,6,77.4488209351893,10,76.80971300923756,0,0,25,2076,1
deploy-00710,payment-service,192.6214178976439,0.14977699930285332,24,0,94.7230129172099,3,265.5185747340546,1,4,98,2245,1
deploy-00711,payment-service,199.03307104554426,0.7930818190529323,25,9,96.41087201438029,2,142.37493666576597,4,1,5,1676,0
deploy-00712,cart-service,0.0,1.1841287149155988,9,7,58.076758627306035,10,439.71697705750523,4,5,68,1713,1
deploy-00713,payment-service,230.38110449877558,0.6425920748290463,2,4,100.0,2,240.70491804482754,0,2,99,2608,0
deploy-00714,payment-service,137.0624135414956,0.4859414198340631,34,0,70.59640530038247,7,634.6769977439137,2,1,65,2001,0
deploy-00715,inventory-service,424.687081105934,0.5076406669369015,6,6,29.325502238108896,5,50.0,1,3,67,2746,1
deploy-00716,cart-service,185.14191602551213,0.36453457831441594,20,1,77.44517496540412,0,129.32532706863827,4,3,88,1734,0
deploy-00717,payment-service,289.0436074047318,0.45312615558874453,6,2,48.6630419524909,1,560.5597913365933,5,3,75,647,1
deploy-00718,payment-service,304.8179948344432,0.851398114302516,33,9,86.51270802557724,2,526.965977636716,1,0,2,1548,1
deploy-00719,cart-service,470.9418758185234,0.0985179158544286,10,7,97.21801872828755,0,343.68226388325434,2,0,94,1769,1
deploy-00720,order-service,204.3611986701083,0.0,26,1,71.46948166984676,11,241.36680063011215,0,5,96,125,0
deploy-00721,payment-service,267.0223050483713,1.17605798818331,25,3,34.897441146586935,2,169.48929094850456,4,0,14,1155,0
deploy-00722,inventory-service,178.2971278302291,1.1200138930113235,5,1,88.36006770653182,5,59.936739530503644,3,5,60,1325,0
deploy-00723,inventory-service,184.093159102265,0.0,20,7,81.73845571248252,10,184.7562251295783,5,3,27,1827,1
deploy-00724,payment-service,333.4630625742926,0.47552371210099653,22,4,58.704561001640165,11,50.0,5,3,61,2253,1
deploy-00725,cart-service,163.79086745567048,0.43740745633297645,17,0,11.548248355611975,11,280.7408985480362,4,1,74,2085,0
deploy-00726,cart-service,391.16356516668867,0.35818991604665174,28,4,68.94206501742404,1,219.58459665042727,5,0,99,829,1
deploy-00727,order-service,365.78817507576105,0.7242617830040547,25,1,77.17364825827576,2,275.1477197090053,2,4,41,784,1
deploy-00728,payment-service,455.72710175238933,0.447138467576837,4,3,94.26347000416996,4,370.0627536872821,0,1,58,2429,1
deploy-00729,payment-service,67.06250947259072,0.49516481500553233,1,2,57.49209866159538,10,385.57385329142767,2,1,38,2105,0
deploy-00730,inventory-service,193.25343756820683,0.01748890750191695,3,2,67.92263281913897,9,639.0322003103961,5,4,33,2385,1
deploy-00731,inventory-service,9.372801382371705,0.0,1,7,64.0456596365914,4,50.0,0,0,30,96,0
deploy-00732,payment-service,121.94265155516194,1.0533628398433517,11,6,53.793984462037,8,239.7478317457055,5,2,14,1807,0
deploy-00733,inventory-service,108.63665582214128,0.06685626453919502,27,7,67.36019506258248,10,50.0,5,1,72,2152,0
deploy-00734,order-service,392.6886119930705,0.9571269086627987,17,0,80.16312523549196,4,274.46053118990517,2,2,64,2055,1
deploy-00735,cart-service,247.65737478568988,0.22183181919306297,15,1,73.26946586211008,5,229.34328388291493,2,3,4,2476,1
deploy-00736,cart-service,250.45196601136848,0.5266285964750725,12,3,80.05603645883542,6,410.7854434273987,4,0,20,2679,0
deploy-00737,cart-service,243.9362124841785,0.8948751548010498,16,4,59.190736517191,1,204.13143015224034,5,1,30,1876,0
deploy-00738,payment-service,0.0,0.05057466405371208,5,4,58.63587055734831,2,50.0,2,0,16,481,0
deploy-00739,order-service,173.27093845468372,0.4393504922840751,11,3,10.0,10,106.45834765163448,3,3,36,1359,1
deploy-00740,payment-service,68.19336150528031,0.4725641241359354,13,3,60.27467109937996,5,182.02078990468965,1,1,15,2260,0
deploy-00741,inventory-service,103.32979099404496,0.8915372761838679,28,2,88.4013280843931,9,98.34943094276375,0,0,91,1798,0
deploy-00742,cart-service,432.8733982468242,0.04815334681843908,12,3,63.476086559521015,0,337.84084627146717,2,0,37,1840,0
deploy-00743,order-service,104.04444095639205,0.5067321329955943,16,4,62.16563808912336,3,195.1364921428704,2,2,84,262,0
deploy-00744,cart-service,245.1387338515528,1.0513830345079835,31,9,89.29113711907888,0,158.4088905550555,5,4,66,965,1
deploy-00745,payment-service,395.2087165146591,0.7591730732155773,29,2,77.83421298027707,4,283.4348744505757,5,2,91,2931,1
deploy-00746,inventory-service,286.01915693398075,0.23004683958625335,14,2,43.36600564634159,4,240.84280214336388,0,2,58,1858,1
deploy-00747,inventory-service,174.4934829471556,0.8364641837593925,23,6,62.19432424518802,8,86.61128197925476,2,2,78,994,0
deploy-00748,inventory-service,160.54264824588765,0.6283777671221981,20,5,54.31058756574798,9,151.85894710235027,5,0,49,1233,0
deploy-00749,cart-service,193.19889800961883,0.3865717964228321,17,2,68.97541354977437,9,362.2003394103847,4,2,85,2368,1
deploy-00750,inventory-service,2.534340975185671,0.24239522243167133,10,7,49.274277566950346,6,264.40857086761645,3,1,13,388,0
deploy-00751,cart-service,37.704278951938505,0.06715350054589658,23,4,92.49815422935934,0,189.53892084907835,4,0,64,2586,0
deploy-00752,payment-service,595.4970513954828,0.0,26,1,50.62105936260873,3,210.28423436428992,5,0,26,186,0
deploy-00753,cart-service,150.72852257982888,0.6301744829368434,34,5,32.07532622060039,11,548.911420125298,1,3,78,257,1
deploy-00754,payment-service,273.17490969396414,1.0704764730818652,15,3,34.632697049200175,11,50.0,2,2,33,435,1
deploy-00755,order-service,0.0,0.9726555467440143,8,2,60.03492934735645,1,315.8458960627277,2,0,9,987,0
deploy-00756,cart-service,130.81305199699267,0.28698819705812295,13,4,83.99359805632719,7,132.2038611046401,2,3,32,1324,1
deploy-00757,payment-service,179.82775046877535,0.2784313602826931,8,8,81.02714472711098,3,474.9740195843216,5,0,87,1963,1
deploy-00758,payment-service,11.436446862301864,0.04879468299496592,28,8,69.99211262029884,5,50.0,2,3,28,1874,1
deploy-00759,order-service,0.0,0.6109406072626893,3,1,87.20308231765355,1,217.96188131751393,5,3,52,2843,1
deploy-00760,order-service,123.72140964974632,0.0,18,0,78.52274769553716,5,517.7691702948835,4,4,80,2962,1
deploy-00761,cart-service,430.44813875870994,0.17763900050274695,26,4,75.50144081724133,8,299.48543223909405,0,1,70,1791,0
deploy-00762,payment-service,298.320813730194,0.3996097617726043,27,5,76.99653550921303,4,240.40215165571522,3,5,11,940,0
deploy-00763,inventory-service,442.92393982980764,0.7593247364416864,9,2,58.99364053677855,8,457.3491168844697,0,5,88,1699,1
deploy-00764,order-service,480.63230584735373,0.0,10,5,100.0,6,254.46261169882928,4,4,85,2176,0
deploy-00765,order-service,163.88254490370196,0.017924202072585993,25,7,88.09770621451365,11,245.26228761803037,2,4,4,1442,1
deploy-00766,order-service,0.0,0.2239122038371788,19,2,52.543583269543504,4,361.6613100546573,2,2,67,305,0
deploy-00767,payment-service,94.76374179704746,1.1223152877301072,19,8,72.68858875239317,6,50.0,4,1,84,2854,1
deploy-00768,order-service,283.9684920535371,0.6848543495238502,1,7,86.83812871523705,9,136.15227040103505,0,5,57,837,0
deploy-00769,order-service,188.49591570012126,0.07385720440788157,11,8,65.88375669919172,0,168.97696688912913,5,0,8,787,0
deploy-00770,cart-service,9.056170047863446,1.2710065636363526,18,8,70.46188211263102,8,425.8169391215042,3,4,40,2234,0
deploy-00771,inventory-service,139.77706084378403,0.5219798242082145,21,7,42.23472031449573,5,309.9446029240107,1,0,57,1594,1
deploy-00772,order-service,162.40352976694655,1.070963778226319,34,7,79.85654679911107,2,241.0497279159207,3,0,52,100,1
deploy-00773,inventory-service,0.0,0.8953477560994172,34,9,100.0,5,247.3707627576734,3,3,98,2701,1
deploy-00774,inventory-service,460.2577029055573,1.2338260078753078,8,5,64.78272506603608,1,55.75495322883518,4,4,26,2663,0
deploy-00775,payment-service,80.42904007183846,0.5014063105926365,23,0,86.74174378504868,11,234.33834382964903,1,1,42,1539,1
deploy-00776,order-service,309.1586854130843,0.143456016091918,34,9,65.02094372165074,5,268.1836275534035,1,5,89,438,1
deploy-00777,cart-service,141.79560178373532,0.5068421177949544,14,0,44.389689952247906,3,244.54808144996431,0,4,88,2164,0
deploy-00778,cart-service,340.0349315833587,0.4176746276067424,15,7,66.84531200286355,2,69.45996776568208,2,2,81,698,0
deploy-00779,cart-service,55.36988368195868,0.6131787929280176,4,2,80.19067491526438,10,96.08769986030265,5,3,73,2275,0
deploy-00780,payment-service,79.20631756402352,0.6897671372776799,10,3,32.4072781903141,5,123.627693614691,2,4,91,2034,1
deploy-00781,inventory-service,418.67252910350203,0.0,17,7,85.91661183521396,0,245.4722714281221,4,3,85,205,1
deploy-00782,cart-service,214.88928558950624,0.0,2,1,67.31099046328929,4,278.47545915287157,3,3,70,2043,0
deploy-00783,order-service,147.27048318104616,0.418162286823035,28,4,24.53829493933882,8,165.86064986814426,4,2,64,40,0
deploy-00784,inventory-service,309.0867411479396,0.9338822248428791,30,8,99.19798511854768,3,527.6280451436901,2,1,97,1362,1
deploy-00785,order-service,122.56765367045544,0.6674380638132695,5,4,61.1778758044018,8,50.0,1,4,80,485,1
deploy-00786,cart-service,231.04988436500057,0.9555202957327009,25,7,100.0,10,413.06652977331487,2,4,35,2190,1
deploy-00787,payment-service,425.52256738840447,0.0,19,8,75.64352319690308,6,545.3838725233244,2,5,86,2864,1
deploy-00788,payment-service,0.0,0.06925178688657624,6,1,42.75336170437289,6,361.0426500479373,0,2,34,2159,1
deploy-00789,cart-service,132.8499454717267,0.46197354141647945,19,2,86.64842903233897,6,203.48570371158536,5,2,14,37,1
deploy-00790,order-service,28.596589508710537,0.1982845864129707,34,4,49.77932192746428,3,356.05610876453494,2,2,23,220,0
deploy-00791,order-service,0.0,0.23763790507335233,9,5,57.13404105955709,7,272.7822224933937,4,3,7,1488,0
deploy-00792,cart-service,196.0669538724874,0.4934053615119618,33,2,52.99235142167298,8,365.100804658086,5,0,54,2946,0
deploy-00793,order-service,135.4119544272697,0.6273120683878095,14,8,98.6061421195667,2,261.7705117265518,5,4,94,1983,1
deploy-00794,inventory-service,40.59809555128456,0.8343518882657115,28,8,67.54482897946501,8,422.533563774618,1,1,44,610,1
deploy-00795,order-service,277.1463683377784,0.7041451696404437,5,7,84.94769167412736,0,327.86060693827187,4,5,96,922,1
deploy-00796,order-service,0.0,1.3638859374357444,7,5,94.9108803040347,9,254.01901646791575,4,2,38,2542,1
deploy-00797,payment-service,448.43052897028105,0.6035338585959533,10,0,21.71846257053859,5,237.1640980317062,0,1,84,2364,0
deploy-00798,inventory-service,188.2938078558872,0.8634293675452471,19,3,76.78701003276683,7,199.917276100967,1,2,40,2725,0
deploy-00799,cart-service,157.03078474587312,0.756509337316332,2,9,63.25257459013666,6,146.0379172017688,0,0,96,974,0
deploy-00800,cart-service,0.0,0.7411410082337329,32,5,71.60775511311964,11,435.95603606036855,5,4,23,2275,1
deploy-00801,cart-service,390.6571997314739,0.0,23,1,85.63047549987402,8,222.0434404064826,4,0,15,2798,0
deploy-00802,cart-service,275.41768948820686,0.10630969303452209,28,8,88.33566324380476,2,277.91243405354476,0,4,79,450,0
deploy-00803,inventory-service,118.77652919190771,0.0,34,6,68.31910629804102,10,50.0,4,3,12,2639,1
deploy-00804,cart-service,43.74850187368588,0.18020438073976763,19,8,65.37650193162094,9,272.1937698137188,1,2,56,854,1
deploy-00805,inventory-service,48.976724245304524,0.2547097970088326,22,8,73.42026604921105,10,50.0,4,1,21,161,1
deploy-00806,cart-service,105.23470558680074,1.013207739089654,14,5,84.45978874898415,4,315.23795192799196,0,1,63,1290,1
deploy-00807,payment-service,486.279242738906,0.747670521120668,31,5,70.02973062035636,4,270.5855693451437,5,2,3,413,0
deploy-00808,payment-service,237.40509317979811,0.4574576216242889,19,2,78.26224762131463,0,275.0729931377262,0,2,73,1440,1
deploy-00809,cart-service,121.77145572110409,0.2790559203770623,5,5,92.7208864077216,11,316.6590105366506,5,2,82,2131,1
deploy-00810,payment-service,237.47800665607613,0.2955947885690943,10,7,69.0844185124327,9,340.44040318868866,2,1,15,292,1
deploy-00811,order-service,90.08273994522351,0.07478187966921268,27,4,45.618950476204056,3,145.16254938899922,0,4,30,1654,1
deploy-00812,payment-service,321.6017052958564,0.7463576854668728,3,4,75.75059656387887,4,261.0383666529215,3,5,21,206,1
deploy-00813,payment-service,62.138281375927875,0.4639411188780971,27,4,42.435785885885,0,276.64770649319536,1,0,14,663,0
deploy-00814,order-service,116.85755829191129,0.42021676035127953,30,6,78.01478855314456,3,240.16801873255565,1,1,74,1555,0
deploy-00815,order-service,0.0,0.6388034822228268,1,9,83.36465053066898,7,199.2316380637128,1,4,72,303,0
deploy-00816,inventory-service,378.9845058825484,1.0333131179102228,23,1,100.0,10,206.5503175261854,0,0,53,609,1
deploy-00817,inventory-service,0.0,0.6133368793282676,17,6,73.5389922157837,11,385.9687181218545,5,5,93,2500,1
deploy-00818,inventory-service,162.79369513729398,0.48573171871082865,25,4,98.48718480373643,5,142.0894270469537,0,1,42,2750,0
deploy-00819,inventory-service,372.33071588306404,0.30290973580491776,28,7,73.42358167328452,0,169.00912321108902,2,2,60,1428,1
deploy-00820,inventory-service,260.18911306064723,0.6482247326747348,9,1,35.78046785289719,7,319.0337009809433,3,4,62,2424,1
deploy-00821,cart-service,54.170402269981366,0.8534039026154873,23,7,56.05161711620646,0,437.357825197925,2,0,68,654,1
deploy-00822,order-service,441.7747527101417,0.23783456832805325,27,9,100.0,9,122.35851642826441,2,2,45,1573,1
deploy-00823,cart-service,141.7635511239813,0.36422634994232217,10,5,66.42529431157128,6,274.58211536140607,2,1,6,2375,1
deploy-00824,order-service,105.39561220907515,0.5633788747301064,1,1,50.390674821820966,11,208.0108260695718,4,4,92,1010,0
deploy-00825,inventory-service,97.85077964587167,0.4444773778694637,23,5,61.60365927809853,8,109.44873571063661,5,3,63,2211,0
deploy-00826,inventory-service,321.1676173482822,0.911663767570331,29,1,78.45974848328954,7,182.06969719312974,4,4,48,2154,1
deploy-00827,payment-service,117.93334407817179,1.140513549173168,30,6,91.720971945174,0,504.50376058486825,0,2,93,517,1
deploy-00828,payment-service,293.4013645892415,0.38118007041284246,8,7,76.1247826994656,4,50.0,4,0,22,1186,1
deploy-00829,cart-service,413.03541532985287,0.41329991427593826,12,3,66.14255226907122,9,280.10602872424016,2,5,65,1162,0
deploy-00830,cart-service,294.15243215157824,0.2526961971857714,34,4,55.74842305425831,6,435.321789619622,4,0,32,2654,0
deploy-00831,inventory-service,409.3840682366142,0.6767512861202772,11,8,77.12460411768691,11,50.0,3,5,26,2682,0
deploy-00832,payment-service,0.0,0.0,10,0,63.61147266362231,3,131.04193358041368,3,3,14,2720,0
deploy-00833,payment-service,298.3762498382916,0.5211248168031424,23,2,63.18683648525649,4,64.65638510069746,3,5,65,103,1
deploy-00834,order-service,182.49931029750434,0.6503454538971178,13,9,49.716644842315546,9,252.66264583107628,0,0,60,2993,0
deploy-00835,cart-service,656.7586237651335,0.35441595061540887,15,9,53.348997133036676,9,50.0,5,5,66,911,1
deploy-00836,inventory-service,337.0212064127151,0.0,14,1,60.4376963656872,11,137.14977437997726,2,5,2,2957,0
deploy-00837,payment-service,273.36238401961555,0.5201398251681024,3,4,36.07385290939773,9,323.88873274673085,2,2,28,1221,0
deploy-00838,cart-service,409.7013358380301,0.9555663547805826,10,9,45.38758378465156,10,50.0,2,0,68,431,1
deploy-00839,cart-service,33.53499025077241,0.30154565961917007,2,9,42.72794336770245,0,233.5778635589399,3,4,93,2663,0
deploy-00840,cart-service,181.31551685167528,0.0,4,7,80.26668224768979,11,50.0,0,0,72,2746,1
deploy-00841,inventory-service,70.607089455868,0.43164398172657487,24,4,61.915063452078115,0,407.39025233287157,5,4,69,2462,1
deploy-00842,cart-service,111.96042231600437,0.7438984777959883,18,2,80.77691426304548,9,279.1156162073248,1,0,44,1662,1
deploy-00843,payment-service,288.0367755684565,0.09196219182215942,34,4,17.524478929291483,1,163.9089754450875,2,2,42,1904,0
deploy-00844,inventory-service,113.3168849168542,0.5683952783395244,34,6,84.24711422668729,4,218.46133723398577,1,1,56,2891,0
deploy-00845,inventory-service,0.0,0.0701872204612976,34,5,59.58877596973447,5,282.9816044535049,4,5,74,1501,0
deploy-00846,inventory-service,85.68524494541806,0.4308847917024786,13,5,50.470607909422604,4,50.0,1,3,31,966,0
deploy-00847,payment-service,0.0,0.5553427460533557,4,0,84.2091015494334,6,230.0302192394603,0,2,77,1538,1
deploy-00848,inventory-service,0.0,0.5821413987480487,16,0,74.51004666303766,5,171.26012278679812,1,1,21,835,1
deploy-00849,payment-service,472.1858271573488,0.3390396330735583,19,4,35.037092311693534,5,482.855050999371,1,0,56,1209,0
deploy-00850,order-service,0.0,0.3814337487524584,14,9,57.082632108344555,7,189.6115595868089,5,2,15,1016,1
deploy-00851,payment-service,141.6697541009595,0.71517324033051,28,0,70.51381465484096,5,352.749710915024,3,3,78,1384,0
deploy-00852,inventory-service,142.53293610566033,0.9856392305088681,31,0,72.82627200854692,6,312.08626161086,3,4,45,2573,1
deploy-00853,payment-service,0.0,0.2219767211182536,31,0,90.31887168297197,10,333.158700276045,1,2,45,1704,1
deploy-00854,inventory-service,177.59700593419322,0.3825593308696103,33,4,64.55151383460439,7,451.66074581353655,0,2,26,2933,0
deploy-00855,cart-service,0.0,0.8408214296565624,2,6,79.31454562149545,11,104.12007501393796,2,1,43,2623,1
deploy-00856,inventory-service,200.1314546442086,0.30295797957394,25,4,38.97811006937378,6,247.9368430586154,5,5,45,2085,0
deploy-00857,inventory-service,0.0,0.7480208444198544,19,0,54.156294631813225,6,362.0014455863396,5,3,16,2211,1
deploy-00858,order-service,166.16451523802309,0.3082131898942935,30,9,54.5024298371592,2,50.0,4,2,11,684,0
deploy-00859,inventory-service,413.45337407888064,0.7117797800876589,27,9,61.68180289797841,0,299.39765979181516,4,4,60,767,1
deploy-00860,inventory-service,147.81554516345736,0.3439303351220091,11,3,28.11006012377932,11,192.77409704444338,3,3,93,966,1
deploy-00861,inventory-service,292.5762749240857,0.3064219520336684,34,4,57.91862381261084,1,378.90941357356303,0,5,45,2064,1
deploy-00862,cart-service,0.0,0.9310649255966454,24,2,27.32250076125674,3,50.0,1,1,92,2631,1
deploy-00863,inventory-service,86.5871798146362,0.06218580874384022,3,0,65.67220573823154,3,284.6159192432916,2,1,5,2115,0
deploy-00864,inventory-service,87.79344339039072,0.8261940614959125,29,0,51.10972993860456,3,388.91616256728156,1,1,74,2527,0
deploy-00865,order-service,77.0412422180834,0.4593219631666814,21,8,100.0,5,57.61830554440189,1,0,90,569,0
deploy-00866,inventory-service,131.19354260675357,0.63628144019272,24,9,27.71253604489229,3,138.08191526522708,5,0,4,1951,0
deploy-00867,payment-service,46.14125313910415,0.5363988751959257,33,4,42.235491004994955,0,361.28948795633954,0,0,65,1091,1
deploy-00868,cart-service,96.0910172742285,0.6787254625384795,8,0,60.52035672508458,6,50.0,4,0,90,1162,0
deploy-00869,cart-service,0.0,0.25274656701362597,20,8,53.72446042009058,3,404.71195944110576,4,5,39,1994,0
deploy-00870,cart-service,402.06851570828155,0.8423515424207059,7,0,37.0780160738624,6,54.00061518156218,0,0,69,1244,0
deploy-00871,order-service,455.11030122475523,0.3738717776794001,31,5,77.98092257911367,0,87.35805987469635,3,3,67,1194,0
deploy-00872,order-service,436.1506606601553,0.10792378310746698,20,2,56.270310432699674,2,246.15410051752414,1,4,79,902,0
deploy-00873,order-service,254.75025603048826,0.0,3,0,82.08485970636983,3,343.3442959087564,0,1,9,1876,1
deploy-00874,inventory-service,401.47643114741163,0.5151755518253471,13,5,64.73552848302883,7,296.71440607000966,0,2,88,875,0
deploy-00875,order-service,0.0,0.49669457854978805,23,0,53.433147502769096,0,321.86863269446286,2,2,43,783,1
deploy-00876,cart-service,221.73900876915587,0.42903292181299313,32,2,54.19083047942487,8,213.7543574256444,0,4,68,1540,0
deploy-00877,order-service,0.0,0.4273549714576667,3,2,70.3523501806223,1,221.53844439904017,1,4,68,2700,0
deploy-00878,inventory-service,142.6015439887259,0.6589258474880835,33,6,57.90472655289033,4,181.68345059955246,2,5,60,2309,1
deploy-00879,order-service,0.0,0.24799848785580078,33,4,77.46222631741598,10,115.23392998688766,1,0,34,2594,1
deploy-00880,payment-service,155.1591050593806,0.0,12,1,82.19528129592159,2,60.91089718002138,0,5,95,848,1
deploy-00881,order-service,21.27596664895671,0.10856513734484058,27,2,52.41310778871207,9,50.0,1,5,56,2164,0
deploy-00882,payment-service,182.8496177345311,0.7985180410822359,13,5,96.74858656282295,9,90.68393368643407,3,3,65,601,1
deploy-00883,cart-service,106.55327828316732,1.174279903070111,33,7,70.64143992454599,5,332.89017705319253,1,5,86,1783,1
deploy-00884,inventory-service,226.5780403884099,0.37072316390707366,13,4,17.27917055271861,0,221.41565283144982,0,2,94,268,0
deploy-00885,inventory-service,247.22797029585405,0.0,6,8,77.58795891046768,5,436.7788980653095,4,4,24,2934,1
deploy-00886,cart-service,209.3262220254626,0.45469065037631357,24,9,85.55208722802348,10,84.78786832288245,0,3,4,1739,1
deploy-00887,order-service,171.742846904124,0.3920784318791966,25,1,82.47532508112391,2,241.07492075698946,2,5,37,486,1
deploy-00888,cart-service,178.80208810896764,0.6992809571462162,15,0,75.36823925069328,5,128.08795584313884,2,2,80,2954,0
deploy-00889,order-service,438.5621346764808,0.0460762958110269,1,6,52.67565508048866,11,50.0,1,0,65,1740,1
deploy-00890,inventory-service,114.21635845807654,0.24096681748578122,28,5,50.28988584713927,5,51.67991528750511,4,0,11,808,0
deploy-00891,cart-service,323.81731055865464,0.8287690657097568,2,8,50.141584641819286,6,361.20497963963567,4,1,73,555,0
deploy-00892,payment-service,281.2157651763964,0.3583604824024891,25,7,31.171118045962935,3,85.28464703660106,2,3,56,901,1
deploy-00893,order-service,565.8341367784835,0.4429940394891761,33,7,48.400544460404504,11,50.0,1,2,34,2181,1
deploy-00894,order-service,0.0,1.057608801051062,20,9,32.24761394111604,11,384.72576857609346,4,4,22,1834,1
deploy-00895,order-service,238.62139061109792,0.6576267832464385,23,1,63.20517722541342,9,329.2925082331875,1,3,9,151,0
deploy-00896,cart-service,281.85960665259813,0.4647607946994028,11,3,90.55532727183319,3,50.0,3,3,92,782,1
deploy-00897,payment-service,0.0,0.40113653553697715,29,2,78.52450892805189,6,220.29502023416478,1,3,32,2921,0
deploy-00898,inventory-service,422.5984079006654,0.12306964190384162,8,6,77.50416519199808,4,126.97083301286895,1,1,91,1156,0
deploy-00899,order-service,291.9824487929054,1.0025774589474519,24,1,99.59425581498473,4,158.26062874313232,1,3,19,1628,1
deploy-00900,order-service,181.25220943456338,0.15138273830310428,31,7,67.92579092217035,6,239.1119579039175,5,4,89,1538,1
deploy-00901,inventory-service,70.53458389815732,1.3798833220144997,14,4,53.30527845531082,7,174.1386843134589,5,5,5,359,0
deploy-00902,order-service,236.71239179467318,0.8827201069138291,31,4,55.98086346959765,5,279.10261742409864,0,5,84,792,0
deploy-00903,order-service,0.0,0.5917053003516763,11,6,67.96569213583173,4,66.02416104661759,4,2,14,2920,0
deploy-00904,order-service,445.15361252521933,0.17950645250108233,21,7,35.689886876421966,10,361.91505018173547,4,4,94,945,0
deploy-00905,cart-service,335.5956257299126,0.5252009611131772,12,4,75.53733171399804,1,295.56461132757863,0,5,44,1973,1
deploy-00906,inventory-service,157.68350923531435,0.0,8,9,97.83860351707395,10,178.88728270795474,1,3,57,2011,1
deploy-00907,order-service,241.96766207638456,0.0,3,2,87.01715946762579,4,400.44953506760874,2,0,79,237,1
deploy-00908,payment-service,126.33886949709566,0.49053443902273247,2,8,90.26966688364627,8,478.23391142533023,4,1,54,2305,1
deploy-00909,inventory-service,17.858413307935137,0.8969407812625572,26,0,71.57168683047286,1,154.95518725822814,5,3,58,2894,0
deploy-00910,order-service,457.2777424643519,0.6979834189384356,7,8,68.94660261892044,5,570.952261608657,4,4,89,815,1
deploy-00911,order-service,601.6265751624678,0.1934957158699941,15,7,89.48250871670348,3,70.61820575926961,2,2,11,1522,1
deploy-00912,inventory-service,257.70103541006665,0.30914919273441666,6,0,100.0,4,353.69231483843737,4,0,45,2070,1
deploy-00913,order-service,89.11795915458745,0.44437275791560316,23,1,89.94333834738468,4,226.17509252976186,5,1,57,1402,0
deploy-00914,order-service,301.11312014381616,0.8089903394817128,5,6,48.50890715734193,4,233.4318983038429,1,1,33,112,1
deploy-00915,order-service,100.38519653659296,0.639719127692044,7,0,37.95333961527203,10,363.29037363555955,5,0,3,1641,1
deploy-00916,order-service,411.3222108819548,0.0,32,8,91.41009414964766,8,379.0134271399113,4,2,30,591,1
deploy-00917,order-service,16.51202021188857,0.6756570020281661,3,2,44.00850346930088,8,351.41829029501116,0,2,41,2205,1
deploy-00918,payment-service,261.10319045813594,0.7929751883940157,20,5,62.56511085778173,9,244.15258476587053,4,0,19,89,1
deploy-00919,inventory-service,149.91954019237258,0.19249447205420628,31,7,71.9946563322767,2,97.20792124008872,0,4,83,364,0
deploy-00920,payment-service,146.27540975823868,0.2489365673756318,6,4,41.87691760915776,5,355.9589427523503,5,5,86,376,0
deploy-00921,inventory-service,0.0,0.3059569067648673,12,4,50.609061820837354,6,201.0529816793134,1,3,54,1737,0
deploy-00922,payment-service,152.85574592017818,0.38158018230185586,29,6,69.64493185447715,5,50.0,5,1,59,532,1
deploy-00923,payment-service,478.8692982032887,0.07554063024655999,34,5,69.0010105812787,6,340.1215823544655,2,2,8,2110,1
deploy-00924,payment-service,72.71309349249967,0.5072453039883438,19,8,44.334375453264954,11,257.70800056542794,3,1,68,1773,0
deploy-00925,inventory-service,397.5469626640983,0.3268124499114221,32,2,66.51609115918505,8,112.5647498381912,5,4,14,1510,0
deploy-00926,inventory-service,9.15893533595019,0.0,11,6,43.00658583982382,11,84.9984769375815,0,0,23,854,0
deploy-00927,inventory-service,26.365635489125594,1.071711754314203,23,3,56.58310307989452,6,336.42920340152386,3,5,58,1785,1
deploy-00928,payment-service,163.43194866271452,0.5368047287499791,1,8,61.72845195955365,9,205.57816117136593,2,4,41,2813,1
deploy-00929,inventory-service,0.0,0.10037525209988435,26,4,94.43346601341756,4,272.8623192338133,0,2,62,2046,1
deploy-00930,cart-service,0.0,0.9081301047877622,27,9,51.61085573578903,1,224.98068008606873,3,0,32,2857,0
deploy-00931,inventory-service,277.5334976307196,0.1907316886824103,23,4,70.4887113878842,7,50.0,1,3,58,1520,1
deploy-00932,payment-service,224.05887840151394,0.9180701289866553,18,3,58.1569532899916,5,349.9927943444255,4,0,16,863,1
deploy-00933,inventory-service,372.25942536335424,0.34252477940162207,27,8,58.71365141532732,9,356.79402570151063,3,4,78,1660,0
deploy-00934,inventory-service,149.42426847014278,0.7035664075578245,29,2,44.875167006575445,9,364.3513839147174,3,5,89,1224,0
deploy-00935,order-service,108.92731307320524,0.5125141443131741,21,1,47.52082299754235,10,239.07144168595823,5,0,85,2337,1
deploy-00936,order-service,78.24637509074334,0.648242758935062,21,2,37.060397684496486,6,327.8754157639662,3,5,33,878,0
deploy-00937,order-service,0.0,0.4928338132616856,18,0,48.86069143954758,6,158.92493707839833,5,3,3,334,0
deploy-00938,payment-service,269.85409220321634,0.6939215318585366,13,3,27.892929828955104,1,351.208309187536,1,4,95,2251,1
deploy-00939,inventory-service,220.46669444978414,0.17875126650676443,22,9,41.23241921084656,11,586.8354138008785,4,0,25,2847,1
deploy-00940,payment-service,378.3129399770254,0.4163382256033553,9,2,95.06402828061375,3,419.32366943837576,3,3,86,2242,1
deploy-00941,order-service,340.6637449450561,0.0,26,3,48.12613304440624,7,50.0,1,4,80,453,0
deploy-00942,order-service,51.25651026945022,0.0,26,4,100.0,2,562.5397366149504,3,2,46,1116,0
deploy-00943,order-service,92.55386663025216,0.5331718534645913,16,3,53.62374659834284,7,171.07108810121935,3,2,44,2853,0
deploy-00944,inventory-service,201.65244179019913,0.9343868981589956,1,0,83.39608680383985,1,50.0,1,3,30,25,0
deploy-00945,inventory-service,163.64432347822793,0.9598410978206919,13,5,60.74322379148659,5,299.7608477583309,3,0,39,2617,1
deploy-00946,payment-service,118.79857925731507,0.19081610606239624,3,8,41.81793813264797,7,322.5267544315143,5,3,76,170,1
deploy-00947,cart-service,310.9853763554851,0.28258191402802374,34,9,57.145248435408654,2,344.7864499836886,1,0,19,2193,0
deploy-00948,order-service,351.49490167116244,0.4193109771397325,3,7,78.80492953737713,6,134.00552784829875,5,4,9,2809,1
deploy-00949,payment-service,149.70583971328605,0.8081934221069009,7,8,70.75949987428297,0,193.89832018895885,1,2,83,2596,1
deploy-00950,cart-service,187.88121296245004,0.49361141496089767,18,4,89.03460062079102,1,261.9105722793578,4,2,2,1620,1
deploy-00951,payment-service,324.60431022675175,0.7122273139188217,10,1,84.53965461357262,3,236.68394809336706,3,4,13,758,1
deploy-00952,payment-service,300.49491232388993,0.7186072230605511,22,8,79.5613705086345,11,50.846758384214695,1,1,15,576,1
deploy-00953,payment-service,265.8182831686942,0.3526089865713473,20,3,79.86813682556527,3,165.0337168004807,5,0,49,1976,1
deploy-00954,cart-service,0.0,0.36173604643387686,24,0,77.11865015293594,0,131.7463043690097,2,1,37,399,0
deploy-00955,payment-service,92.93282645857731,0.5542385548703112,27,6,69.10289374618056,8,50.0,3,4,31,2599,1
deploy-00956,inventory-service,141.52297638453715,0.4835590357462724,5,1,87.7994397212585,0,262.7174929601216,3,1,20,54,1
deploy-00957,payment-service,0.0,0.546523494174044,27,4,74.16470954571723,4,353.01210312425195,2,1,23,1657,1
deploy-00958,inventory-service,432.95114908545935,0.7318356204048078,12,5,69.19437828534647,1,136.97390208576184,1,2,61,2162,1
deploy-00959,cart-service,0.0,0.4369368173325924,27,6,41.5430228943184,0,194.47314840698942,0,3,99,138,0
deploy-00960,cart-service,0.0,0.45115002455718217,17,6,73.08430272037947,6,169.1539737581359,4,2,11,395,1
deploy-00961,payment-service,124.88136751271739,0.4313851968990227,8,7,61.10479546538626,5,333.4235297798636,4,3,75,1018,0
deploy-00962,order-service,197.05682927230976,0.2484021342181794,22,6,100.0,2,431.6022863445336,4,2,69,2088,0
deploy-00963,payment-service,341.1344735112894,0.970508517710367,27,4,55.328233811536855,4,577.2063690817804,1,0,87,729,1
deploy-00964,cart-service,128.06654909781741,0.77989429952858,6,9,44.29995539718266,7,197.1324171669345,0,3,83,1207,1
deploy-00965,payment-service,367.58704480112686,0.2926252682647515,28,6,40.830504081915336,0,115.67786342819514,3,4,49,2262,0
deploy-00966,payment-service,0.0,0.6092709499196237,7,3,44.76845540879608,10,50.0,2,0,57,2875,1
deploy-00967,cart-service,464.4837768160533,0.0,25,0,45.2205740723909,7,71.02959464346128,4,5,24,2568,1
deploy-00968,inventory-service,299.8557795597004,0.0,26,4,48.52216910597498,5,261.7481037608397,1,2,16,549,1
deploy-00969,inventory-service,271.822264382898,0.502265859135834,5,2,73.03496559609565,6,373.9185315479146,1,5,92,2643,0
deploy-00970,cart-service,486.7993733635104,0.0,34,5,45.99620006247976,11,578.1890495304065,3,4,22,2331,0
deploy-00971,payment-service,124.16489758623312,0.40348961838216024,14,7,66.14319672003654,8,252.6709932229967,0,4,52,2871,1
deploy-00972,inventory-service,0.0,0.7185698199436366,33,5,41.306050637398904,1,222.16169826939242,2,0,57,1951,0
deploy-00973,order-service,358.13468777315825,0.22174398696706915,6,3,69.3336565731883,1,349.2237600886259,1,4,2,1798,0
deploy-00974,payment-service,80.75341821645988,0.0,21,2,58.37639211895702,4,230.3345716067055,4,3,39,1650,1
deploy-00975,cart-service,429.85816945745273,0.46052436143975356,30,3,41.0824303771777,2,270.88448824894016,5,5,40,1795,1
deploy-00976,inventory-service,117.41678923804494,0.5527807519030982,17,4,77.04838771938171,4,340.7124855909699,0,5,29,68,0
deploy-00977,cart-service,110.22237952336754,0.4626709237409393,1,0,66.61850466504325,8,476.18791258523004,1,5,80,1910,1
deploy-00978,payment-service,290.05714132025446,0.33572423108831595,17,2,69.42459084001246,7,272.9306066680003,1,4,9,2125,0
deploy-00979,payment-service,219.51674568738366,0.0,9,5,57.54506599384356,2,338.8190726730068,5,1,9,582,0
deploy-00980,payment-service,317.9406148855521,0.6744624859628745,27,7,58.37949637777601,2,430.37913514718525,5,2,70,719,1
deploy-00981,cart-service,384.40427981821847,0.23925027177612948,18,7,60.67964089381325,5,335.9242185081482,5,1,20,2605,0
deploy-00982,cart-service,380.16849799900655,0.48182410296746686,14,0,89.72287945457869,4,162.21797469097191,1,4,72,2889,1
deploy-00983,inventory-service,569.2151046087783,0.5855466196925911,12,0,84.12255829550111,1,355.3454180532021,2,5,94,669,1
deploy-00984,inventory-service,293.2768472760098,0.44196912063048444,15,3,62.073005523190595,0,212.3516769117458,2,4,94,178,0
deploy-00985,cart-service,274.10188584508614,0.6012642686310848,16,0,34.46808533270567,6,54.760397333411134,4,2,72,1129,0
deploy-00986,order-service,174.9066217721493,0.0,23,4,64.95317223626083,2,545.5734948225966,2,3,65,1118,1
deploy-00987,order-service,386.4962543117984,0.3289169294417096,18,7,93.36141108249528,6,256.8336731670393,5,4,84,188,1
deploy-00988,order-service,253.91389645649195,0.4960702590002112,3,7,64.96634379010057,8,183.61146430159505,5,3,33,1923,0
deploy-00989,cart-service,0.0,0.6662897651438795,21,9,71.00171551677134,11,270.48617762371197,0,5,91,557,1
deploy-00990,order-service,124.98370905575666,0.5987860969222009,13,1,98.72915233164994,10,50.0,4,3,72,2623,1
deploy-00991,payment-service,239.5999407667397,0.5081332014410735,17,7,89.22650389520278,8,423.70670449841816,5,4,65,116,1
deploy-00992,order-service,147.59163016936685,0.3270628784080155,24,2,98.28232217539212,11,137.59063286278507,0,2,62,2139,0
deploy-00993,inventory-service,500.1985071584875,0.5977333429408099,11,4,100.0,5,182.64075621331148,1,4,3,2484,1
deploy-00994,inventory-service,307.1343902128392,0.5969988625244973,3,4,62.991525843643046,4,364.2199622783486,0,1,55,2703,0
deploy-00995,order-service,296.43946096934326,0.0,13,2,41.73217791809547,1,464.6869868935022,0,1,1,215,1
deploy-00996,payment-service,0.0,0.6340353197041972,14,4,44.2751805483375,1,163.7172594368823,3,4,28,2511,0
deploy-00997,inventory-service,0.0,0.5867985574264954,22,4,89.67580815627136,10,319.44235146155796,2,2,18,2367,1
deploy-00998,cart-service,0.0,0.7798930429078494,21,7,41.36489755590756,8,479.1956768084524,0,1,68,1998,0
deploy-00999,payment-service,175.84319081307672,0.9390648218643229,26,4,54.581968766735315,8,173.05883275153283,4,2,58,1094,1
deploy-01000,order-service,159.39348319698468,0.08833689297152292,8,5,38.008064180272115,3,180.031696803085,4,2,92,1993,0
deploy-01001,cart-service,7.353667476067301,1.0006126601056542,5,8,100.0,7,225.98800463829707,1,3,27,2910,1
deploy-01002,order-service,302.4080597845435,0.016795967095952602,18,5,76.66694132329205,8,440.3987977056749,3,2,31,2437,1
deploy-01003,inventory-service,538.6975203941715,0.0,34,7,76.30256081017663,5,493.7479072266025,0,0,15,1711,1
deploy-01004,order-service,0.0,0.723143835380031,29,7,39.443623079347056,10,327.10378074421044,2,5,69,786,0
deploy-01005,cart-service,143.37743389477976,0.06685308098981296,10,0,77.26191381550166,8,384.1036604635388,0,0,41,2092,0
deploy-01006,order-service,97.93463446503168,0.34687745698220074,22,6,82.77687557708857,5,50.0,0,4,54,168,0
deploy-01007,cart-service,0.0,0.9229714810633701,9,2,41.51983347954714,1,50.0,4,3,20,2917,0
deploy-01008,payment-service,477.8364477927041,0.0,32,2,56.65578661568506,2,422.85055373864543,5,5,1,2042,1
deploy-01009,cart-service,266.5371346608936,0.0,17,4,52.89069009613557,1,405.69839350311645,1,1,38,2037,1
deploy-01010,cart-service,165.915308466517,0.0,6,1,85.08435937975784,5,199.6933822489799,2,0,45,1292,1
deploy-01011,inventory-service,0.0,0.4253130241041919,14,1,42.63832035346571,11,496.85839204273145,2,4,48,1984,0
deploy-01012,payment-service,258.40606017973903,0.5179476930816267,10,7,69.14275833314163,5,304.9838205324534,1,1,27,894,1
deploy-01013,cart-service,0.0,0.707848107222991,6,3,56.032870798547556,4,463.8693210365882,5,3,92,1260,1
deploy-01014,payment-service,424.33121783368983,0.48542537801503866,26,7,42.63694343786007,1,265.11725934253474,4,4,89,2944,0
deploy-01015,payment-service,72.05911447153757,0.0,27,8,96.09723662054272,3,95.62122350933902,2,0,97,2480,0
deploy-01016,payment-service,111.2066321567741,0.47506735997873933,27,9,53.5236159341409,0,311.78201763008104,4,5,76,365,1
deploy-01017,cart-service,0.0,0.633805051510595,13,6,72.90906526593116,11,353.2771897172262,3,0,76,773,1
deploy-01018,payment-service,380.13170658094646,0.7175001673295047,21,3,36.260614050615686,7,455.5424676985864,0,2,58,2120,0
deploy-01019,cart-service,0.0,0.2706092928127942,29,2,61.27267990608572,10,378.1048091852781,2,5,44,356,0
deploy-01020,payment-service,124.70683469044704,0.12091253988992351,29,2,74.04043271568453,5,180.5247693212565,1,5,25,211,0
deploy-01021,order-service,331.64933194087087,0.8971517825401196,32,0,86.01825401575994,0,150.23377419580913,2,1,98,2779,0
deploy-01022,payment-service,25.778870347818582,0.7380993392785558,34,1,74.840123475767,5,408.97066373970506,0,3,96,1225,1
deploy-01023,order-service,96.2633546665012,0.21100555393706752,14,0,59.57990430223213,0,207.5343526515818,4,0,73,2803,0
deploy-01024,inventory-service,79.76871810695228,0.0,4,1,40.86003440694,2,277.5545252140106,4,2,54,2534,0
deploy-01025,inventory-service,135.07289399729655,0.8265193227975027,12,6,64.04966055600607,6,468.28425945884715,4,1,22,2824,0
deploy-01026,order-service,251.48194216511996,0.6303690539254658,12,1,68.50298834771547,8,232.36401130061205,1,4,97,1420,0
deploy-01027,cart-service,338.66610354688004,0.144428028291412,18,8,10.0,7,239.47885723942676,0,3,38,1976,0
deploy-01028,cart-service,259.9458839969625,0.08955734877785687,15,6,53.85954809863919,3,245.07875353300037,3,5,35,616,0
deploy-01029,payment-service,102.13339339545949,0.6729343770804354,20,9,61.438668067195884,8,192.11738524577876,2,3,69,1054,0
deploy-01030,payment-service,343.90234199307025,0.0,24,0,86.66365829690353,7,339.3866570143485,4,1,16,1351,0
deploy-01031,inventory-service,196.2872768965028,0.38695287945885204,18,3,73.45376582617703,8,320.6281741620286,0,4,21,2667,1
deploy-01032,payment-service,397.84396656763147,0.19309143577235688,24,8,89.66735100161088,2,206.0423194897176,0,2,13,532,1
deploy-01033,cart-service,372.56959203813074,0.7730726456568273,15,0,62.21485375619006,5,280.52844741647675,2,4,25,734,1
deploy-01034,cart-service,382.44467752387527,0.3221752628064078,22,1,31.645352088340303,2,181.95189306316507,2,3,87,2592,0
deploy-01035,order-service,276.46589316297803,0.23193813677880054,23,4,82.52810049474316,6,168.38467275789822,1,3,75,1480,1
deploy-01036,cart-service,129.4827290594555,0.0,24,7,100.0,4,91.27043464868973,4,2,44,2215,1
deploy-01037,cart-service,100.6629468864975,0.34988688821701025,34,3,87.92378755329727,6,50.0,5,4,55,431,1
deploy-01038,payment-service,384.34463827498064,0.0,24,7,36.53482351292969,2,443.29460225137626,5,4,20,1675,1
deploy-01039,inventory-service,215.4310365168429,0.12794597701996618,26,1,49.58654354144811,6,67.74257093891907,2,1,49,2138,1
deploy-01040,payment-service,200.5207602102536,1.1410206718312277,19,3,74.38681932428378,4,250.96303577865282,3,4,47,2008,1
deploy-01041,payment-service,53.50823380385762,0.664787992774059,5,7,80.53652877298634,7,246.5239833645835,2,0,11,835,1
deploy-01042,cart-service,729.6939227522471,0.8769547884526337,34,8,77.59563648570558,7,350.9993749086226,3,4,98,309,1
deploy-01043,order-service,0.0,0.19768574632095787,3,7,65.8344722654116,6,462.4410430898493,5,4,94,2899,1
deploy-01044,order-service,169.98482748545783,0.052939375113896736,34,9,63.52546242090666,3,220.6338681838853,0,5,76,2715,1
deploy-01045,cart-service,149.33671707018786,0.11237340199669371,33,6,61.55781137103257,0,59.619314295606614,3,0,77,2931,1
deploy-01046,cart-service,207.15178534724183,0.4346550791412636,24,2,80.28744592685877,2,249.5642599603907,2,3,69,574,0
deploy-01047,payment-service,0.0,0.5723345436633999,3,1,85.97958531111504,3,112.0015221747135,3,5,82,2656,1
deploy-01048,cart-service,168.77798409831047,0.22980828204911047,11,8,62.40939228125216,7,226.94678972237463,5,0,93,1729,1
deploy-01049,payment-service,6.544092500508469,0.3657550545640875,3,3,68.71227015381962,6,170.32866874636164,1,2,9,2753,1
deploy-01050,cart-service,0.0,0.0,30,2,100.0,1,501.61290400214,1,2,49,1581,0
deploy-01051,payment-service,86.63234184480488,0.16416573323204742,10,4,55.57779981106602,6,380.39493189532755,1,0,17,1894,1
deploy-01052,inventory-service,231.78649131147105,0.05894224808647658,5,2,60.75323589581471,7,150.9119702234667,3,4,22,437,1
deploy-01053,cart-service,132.70997431676713,0.23605111202656376,22,4,73.30479845123241,2,192.59316510655682,0,3,66,378,0
deploy-01054,cart-service,0.0,0.5855739167980463,15,0,57.89066665105192,6,164.69202113149672,2,0,61,239,0
deploy-01055,payment-service,309.0814458582239,0.9177584420890954,3,9,90.57899339270928,9,361.2384999763816,1,3,89,2324,1
deploy-01056,order-service,247.54007615115376,0.2131170943704565,25,2,100.0,7,287.6820695944288,4,2,68,2186,1
deploy-01057,payment-service,332.55640630524647,0.7015247823587392,18,9,51.12474948904224,4,307.83382083227076,2,3,16,1593,0
deploy-01058,payment-service,342.9471860397721,0.14806516951115933,13,8,100.0,7,105.64465077639056,0,2,14,50,1
deploy-01059,payment-service,330.28957965985114,0.2629146973778468,21,7,38.41621736399861,8,50.0,4,4,15,2108,1
deploy-01060,payment-service,3.5932630959813707,0.5947669599161136,13,9,34.632240602647926,9,555.9946240107939,4,1,33,1941,1
deploy-01061,order-service,360.35563759297463,0.6986082031883023,20,7,48.46397924537989,3,201.12591738350397,5,5,99,320,0
deploy-01062,order-service,50.938824131894506,0.4469377111351924,17,2,39.036819767187666,2,118.83573863835639,5,4,30,505,0
deploy-01063,payment-service,13.57594511016407,0.6934433474529734,30,4,47.12369013096169,0,191.05467038240968,3,2,36,2283,1
deploy-01064,cart-service,0.0,0.002556520986131794,29,2,75.61126246263295,11,120.75692366137088,3,1,23,2900,0
deploy-01065,inventory-service,131.11884246666676,1.1784087105041121,19,1,91.18960680933445,7,350.7035462422189,0,2,54,1728,1
deploy-01066,order-service,248.7274951184865,0.5418261255110554,33,9,99.80532854721716,0,50.0,2,0,1,473,1
deploy-01067,payment-service,0.0,0.678779860954974,7,9,68.373353324094,6,420.13255452487715,1,2,7,476,1
deploy-01068,cart-service,617.5840162964732,0.7222766074386546,3,0,52.766239276365695,3,243.604990651535,2,4,59,2773,0
deploy-01069,cart-service,17.074095252674425,0.5795684099675716,21,0,79.5803450572508,10,247.85790814045998,3,2,24,808,1
deploy-01070,inventory-service,137.71856402739866,1.0978794757773869,29,8,43.786149875363506,11,50.0,1,3,90,2417,1
deploy-01071,cart-service,338.68119671113834,0.350239180607295,9,7,64.34745954982183,3,415.98089778886697,2,1,1,249,0
deploy-01072,inventory-service,102.56157894096975,0.0,1,2,67.02025279323766,7,264.9888484902853,0,3,99,1937,0
deploy-01073,payment-service,288.6500214156696,0.3691389440688906,27,4,63.420516379650444,10,174.36603728145167,5,5,39,976,1
deploy-01074,order-service,5.286416802760101,0.0,21,8,97.19267404618188,0,232.43850083778472,2,0,3,2215,1
deploy-01075,order-service,73.31333753490766,0.4502303728780522,16,9,53.838260003731364,7,397.7880863889235,5,2,57,2238,0
deploy-01076,cart-service,281.84512084809285,0.8500764559769797,19,4,55.686534074346774,1,187.64069284869566,1,4,41,559,0
deploy-01077,cart-service,0.0,0.493131630553041,23,0,90.424621005138,7,250.82356113045321,2,1,67,2710,1
deploy-01078,order-service,288.0360145860096,0.3634308460162179,5,5,25.66215498243905,2,213.63079040143705,0,1,94,193,0
deploy-01079,cart-service,442.03970647429725,0.3211695117497019,2,0,44.11587698240528,8,87.86833753514591,3,4,21,188,1
deploy-01080,cart-service,362.21496387132834,0.4291946122657887,27,6,75.18529985849811,7,150.60256749103326,2,1,20,99,1
deploy-01081,inventory-service,165.92670305139652,1.0080958277434153,14,9,55.55960773435969,10,50.0,1,2,47,158,0
deploy-01082,cart-service,442.5399088417711,0.4878761605706864,17,2,79.62460803760484,9,416.94253445383936,5,4,3,2551,1
deploy-01083,inventory-service,292.83218642652145,0.7231936162629717,6,5,90.62580712339411,11,541.8208683796847,5,1,99,1925,1
deploy-01084,inventory-service,86.07442933187596,0.5240285047013649,19,3,74.4346717770027,4,235.4003935692234,2,4,61,1093,1
deploy-01085,cart-service,497.9082464375565,0.7061864684347721,4,2,68.37871991517484,7,250.42938638905946,0,0,58,1511,1
deploy-01086,cart-service,0.0,0.6349319832028356,32,5,57.79427766483805,0,164.99743647440647,5,4,36,1976,1
deploy-01087,inventory-service,0.0,0.7840784844673552,7,6,75.94973667644969,10,492.536379813102,5,1,69,385,0
deploy-01088,cart-service,300.49761760476053,1.238167607568759,12,2,55.713286478387296,8,377.2737773614902,0,5,16,1732,1
deploy-01089,payment-service,133.3053070781906,0.26712116441717876,1,9,70.42332593673552,9,133.81525512656998,2,4,33,2764,1
deploy-01090,cart-service,0.0,0.44853498552888277,7,6,90.32417556189141,7,166.83305372399303,5,4,51,970,0
deploy-01091,cart-service,151.53789844044007,0.4182617043872489,4,2,87.8908027861579,3,136.7226762697888,2,3,29,1250,1
deploy-01092,order-service,381.7686292759991,0.6526828662280584,31,5,77.40702730405658,7,611.5501733175113,0,5,73,2000,1
deploy-01093,payment-service,169.5322710714157,1.051595707805416,28,7,93.14253051433968,8,338.9709295815956,1,5,12,888,1
deploy-01094,payment-service,144.83191757395355,0.20444402235575304,10,6,31.337100441035545,10,376.2922498798938,1,3,40,939,1
deploy-01095,inventory-service,0.0,0.41785317367122277,28,1,66.04032218524654,6,451.6112436510317,2,4,82,1469,0
deploy-01096,inventory-service,0.0,0.3945206633017342,17,0,39.73494764374604,5,600.3993930920901,4,2,56,446,0
deploy-01097,inventory-service,157.26287030102492,0.0,1,6,55.0932566196261,7,175.83061640409574,5,4,67,300,0
deploy-01098,inventory-service,216.36453161409267,0.0,12,5,32.296237229390755,8,129.51980145861444,4,0,42,857,1
deploy-01099,cart-service,302.9507289726875,0.6756536639224731,34,7,98.98735795090806,11,129.54022835822326,3,2,56,1017,1
deploy-01100,cart-service,0.0,0.38174915457836794,12,3,83.49020536628169,4,67.04149928501838,4,0,17,1132,0
deploy-01101,payment-service,372.1812332738872,0.8639537012510932,25,4,75.42551860908176,0,217.43519139092373,2,2,23,2938,1
deploy-01102,inventory-service,0.0,0.40732508916655286,11,0,70.446034611035,0,152.57387646455066,5,0,99,1912,0
deploy-01103,cart-service,350.4946777211733,0.6516060950695626,10,9,79.71968209731182,3,50.0,3,1,1,405,0
deploy-01104,payment-service,183.4028733711959,0.6536527270589737,6,5,64.7851085918261,6,50.0,5,0,66,2998,0
deploy-01105,cart-service,0.0,0.3157652723723716,31,3,69.54759977196835,6,50.0,2,3,11,1009,0
deploy-01106,inventory-service,275.2507184052175,0.6042120722504913,22,0,64.76178298228363,8,208.99146718750484,1,4,81,1249,0
deploy-01107,cart-service,195.1175679744671,0.4087678693606772,6,7,38.08408804989985,8,231.2351918752327,0,2,95,2442,1
deploy-01108,cart-service,103.5566883329534,0.3830381399803444,20,2,36.97896511885582,11,152.18464423103387,3,3,56,2723,1
deploy-01109,cart-service,137.13003512317104,0.0,28,2,51.08204225699919,6,362.0684857344663,3,4,38,1555,1
deploy-01110,inventory-service,239.27933966316854,0.3395679995636477,5,5,76.27064421394827,9,324.6367412041293,4,0,17,1500,0
deploy-01111,order-service,216.43798281295253,0.5029050310876629,4,1,66.62163368823147,10,327.1798788061683,5,5,95,435,1
deploy-01112,cart-service,249.87385348223867,0.028838234720332978,34,9,69.62448418589041,9,351.96762899473833,4,1,18,2842,0
deploy-01113,cart-service,0.0,0.13590819999560744,13,8,100.0,3,285.1885702345664,0,2,65,2829,0
deploy-01114,cart-service,82.67514008319519,0.9522125760575872,16,5,50.019502014769145,2,251.97904839721608,2,0,23,920,1
deploy-01115,payment-service,513.4468100398201,0.4058144671978267,33,9,95.54904691959021,10,167.6251212552857,3,5,32,1679,1
deploy-01116,cart-service,163.5073382169682,0.0,26,8,89.66309852632673,0,64.88243776911676,5,0,67,1565,0
deploy-01117,order-service,255.3618910135213,0.6014894166777028,1,7,32.08032611332634,8,289.35826547960926,1,0,16,1033,1
deploy-01118,payment-service,20.18114682409876,0.6492791803597328,12,4,80.16708467088804,3,196.8403083709212,0,3,36,1137,0
deploy-01119,payment-service,289.61004482740805,0.3588559002496562,4,4,69.70227399609236,9,277.1404864995656,2,3,95,967,0
deploy-01120,order-service,276.7224530835688,0.16684806628092652,7,4,44.555133317148034,1,292.49985690353816,3,3,59,2621,0
deploy-01121,order-service,103.2797359413256,0.39208320630034266,8,7,80.90978516409072,1,403.26266314775665,2,1,54,673,0
deploy-01122,inventory-service,47.004574768371754,0.0,5,7,59.49255340485678,0,348.0495975422232,2,4,99,1894,0
deploy-01123,order-service,136.4241268322754,0.3310062646861244,23,5,90.19555713807145,5,412.59493657946405,0,3,42,632,1
deploy-01124,payment-service,157.94674676820003,0.21511818754883694,13,8,44.21448741536871,0,57.892384492243195,1,3,4,2086,1
deploy-01125,cart-service,335.43170145902735,0.728196871720373,3,2,79.48006617073699,8,455.96321989092314,4,4,45,2178,0
deploy-01126,inventory-service,73.39369126940129,1.0170371488105252,3,4,66.70497542718873,6,418.7116298352603,4,1,88,2348,1
deploy-01127,inventory-service,332.8509922798491,0.0,28,7,81.58306590758241,4,259.8400222513891,1,1,76,1026,1
deploy-01128,inventory-service,327.18722653857174,0.3823624976088583,27,8,79.90413955262814,0,127.92051912223803,0,5,74,2732,1
deploy-01129,cart-service,146.34890257104672,0.3645171789034465,24,2,64.82603259982332,4,168.1174624295711,3,5,11,2899,1
deploy-01130,payment-service,58.68360093619782,0.6306266267186675,9,1,76.99033980131523,5,332.64734289185054,3,1,72,2095,0
deploy-01131,order-service,60.37918790862946,0.10898557218408123,21,3,90.05309811114043,1,480.94886094548724,2,0,83,2951,0
deploy-01132,payment-service,359.0402715409888,0.0,29,6,75.40224464845593,2,234.64277799268288,1,5,29,1507,1
deploy-01133,payment-service,183.3945458111232,0.15942094212562874,11,8,48.808108340888424,4,308.8500628621538,2,4,86,1283,0
deploy-01134,order-service,251.40216982426801,0.1358024103586622,34,9,49.877807157445005,6,101.8149319495287,0,3,43,386,0
deploy-01135,payment-service,241.00476118476462,0.0,5,6,14.781422699057217,6,509.4810841864934,0,5,36,1052,0
deploy-01136,cart-service,142.71900675738252,1.0773371574413624,34,7,53.707070675762075,6,50.0,2,1,52,29,1
deploy-01137,cart-service,0.0,0.40388976600080984,7,7,54.93565871442951,4,366.5569894730322,3,0,47,582,0
deploy-01138,inventory-service,84.0369170094272,0.13383450288544485,21,2,60.78118546891389,8,50.0,4,0,98,2857,1
deploy-01139,order-service,115.18012074538423,0.6615891396963258,29,6,43.43998958437686,4,227.45238258604124,2,2,26,1689,0
deploy-01140,payment-service,97.03050308083546,1.2372594443947993,17,3,44.7997867765185,7,194.9942226782384,5,1,78,2045,1
deploy-01141,order-service,79.43715981264596,0.6890313775984138,8,0,92.61084381545686,5,329.47022799212954,4,0,55,351,1
deploy-01142,cart-service,254.22838820670313,0.09801255399790254,25,3,67.3925403174563,3,287.2179338767445,2,4,50,1850,1
deploy-01143,order-service,198.31955507497455,0.2413263541637775,28,1,100.0,7,277.3284551325311,5,1,53,2055,0
deploy-01144,inventory-service,310.44993429136446,0.5252119363637121,20,5,90.43370393269467,5,292.46483790239427,3,5,70,2418,0
deploy-01145,order-service,170.93894170956676,0.0,6,0,45.74172225068354,2,179.27634677473645,2,1,75,1530,1
deploy-01146,payment-service,169.86330249362962,0.2935391648305058,5,6,86.62947848711204,11,50.0,5,0,34,2181,1
deploy-01147,inventory-service,95.0364919885873,0.41417409310358544,7,9,71.64369933590848,7,72.47676836967074,3,4,42,1289,0
deploy-01148,cart-service,178.44952307053316,0.3149759290277324,1,1,56.74537081104902,5,317.46477390516964,1,5,53,2755,0
deploy-01149,payment-service,170.7006914128494,0.1366520805381944,11,3,85.73590865000412,7,166.89985811745282,4,5,91,269,1
deploy-01150,order-service,458.9541059340335,0.40039026703432606,10,3,40.43653910898934,9,50.0,3,4,84,1590,1
deploy-01151,order-service,183.4438258889802,0.0,14,7,68.22811689540092,7,546.0491341274286,4,1,50,2589,1
deploy-01152,order-service,253.90033769096763,0.4594122216038152,7,7,32.28513423611961,2,289.4362303949524,4,5,28,1205,1
deploy-01153,cart-service,225.35461378509362,0.16492797924850716,17,8,89.14145775200961,10,329.4835824399871,2,4,84,1944,1
deploy-01154,order-service,171.2725395687447,0.8587854106043256,22,2,65.61076609163675,11,238.0755436457719,4,2,29,2851,1
deploy-01155,order-service,494.2929243181874,0.8034907773386695,31,2,72.61553869288808,8,225.2979966331986,1,2,70,175,1
deploy-01156,order-service,276.36246033817577,0.4304458045425444,21,3,73.57172331423163,7,209.6459259532719,3,4,4,1657,0
deploy-01157,payment-service,95.35613595206713,0.29849134438666003,6,4,87.61948855612542,2,207.9141417918459,1,3,45,2857,0
deploy-01158,inventory-service,139.46715024462412,0.8155783401449455,26,3,47.67627173736017,10,161.69228407705478,5,3,11,346,1
deploy-01159,payment-service,264.01742027734423,0.3417692466173305,24,3,76.23217501499202,8,373.0638443999063,1,4,22,2331,1
deploy-01160,cart-service,114.72594559073347,0.05277098816903164,33,8,60.17929114904029,1,349.3310708830452,4,5,29,1769,1
deploy-01161,payment-service,315.1018954921294,0.265161312614025,19,1,36.76014845699552,2,322.5110973959888,0,4,58,2760,1
deploy-01162,inventory-service,9.169225585626691,0.1554191291137414,3,4,66.51549656037716,4,350.46311450678763,4,1,68,1894,0
deploy-01163,order-service,377.59721652789636,0.8294659214556338,6,2,91.09822035688659,11,196.30971187035323,3,2,39,1213,0
deploy-01164,inventory-service,136.58430998477448,0.7431830534072912,24,0,53.540570689212515,3,143.79470755622603,5,2,41,1537,0
deploy-01165,payment-service,98.35324513384853,1.007241876796078,15,1,61.38582807219977,11,145.00334733411586,3,0,19,2427,0
deploy-01166,order-service,45.40963340443707,0.0,15,8,54.270737117625295,2,154.946802379201,1,5,22,2198,0
deploy-01167,cart-service,109.17619347140662,0.8097054213014877,30,6,27.11107704165721,1,129.79108611412667,4,5,97,2308,1
deploy-01168,order-service,187.39882018657576,0.4068987987452759,7,5,64.67904751833304,7,310.0455109748033,1,4,47,2879,0
deploy-01169,order-service,287.61356120878247,0.5460871929888675,17,5,83.22501601967691,6,50.0,4,1,73,209,0
deploy-01170,inventory-service,103.28972219740757,0.21403034363070556,21,7,66.56061451040169,11,274.3019127982179,2,0,67,2907,0
deploy-01171,order-service,60.891392466088874,0.63796488667624,19,5,74.18917031933876,10,306.77519879280476,3,3,19,977,1
deploy-01172,inventory-service,134.08985549598418,0.0,28,5,57.507394098449,8,446.452568000004,3,0,61,1020,1
deploy-01173,order-service,202.73185731690705,0.7052992168762605,24,1,62.35379874131133,5,50.0,3,5,22,2338,1
deploy-01174,order-service,281.47864933795466,0.22751654667596435,22,1,85.5623819195222,2,82.95442665234916,4,4,87,892,0
deploy-01175,cart-service,382.7542796806627,0.8157399546313455,33,0,85.41043947512668,9,149.35005790354595,4,2,46,2496,0
deploy-01176,order-service,16.90629602887884,0.2886116478471008,29,2,99.30514205325143,9,50.0,1,5,73,2626,1
deploy-01177,payment-service,310.1761191642207,0.37826839495943265,3,6,79.33466015410843,1,393.45853995129534,2,5,12,2544,0
deploy-01178,order-service,139.0277485564717,0.2706599234893573,14,7,69.99760452653588,2,405.3551322834445,4,3,59,1943,0
deploy-01179,payment-service,259.16299938732027,1.3611787218826736,29,8,78.95376078028167,2,293.56358369440477,0,3,64,2304,1
deploy-01180,cart-service,376.24594293955226,0.5580976954063175,20,7,58.46292006802033,0,51.559458564522885,3,5,2,2165,0
deploy-01181,cart-service,231.63441124269917,0.4088932436546821,27,5,45.629291990160496,0,509.26980832074054,3,1,48,1401,1
deploy-01182,order-service,251.9959802077335,0.4657537714219717,14,6,61.29040048191488,11,338.1259885358841,3,4,84,2323,1
deploy-01183,payment-service,0.0,0.6255751546595407,17,3,52.186901829951324,1,208.31864392656018,5,4,55,553,0
deploy-01184,inventory-service,395.701609167098,0.7357315796827151,16,6,74.88883098425754,11,324.88009887078545,5,4,39,659,0
deploy-01185,payment-service,230.66675152737608,0.036376447821655,22,5,68.04436298592825,5,452.4178922373029,1,0,45,920,1
deploy-01186,order-service,86.90399039920902,0.0,20,7,44.983107293676305,10,418.1331494591698,1,2,85,1405,0
deploy-01187,inventory-service,422.99674881722444,0.13839348943944618,9,0,56.93928571271912,1,147.43485367715758,0,5,28,2452,0
deploy-01188,order-service,143.43406906427066,0.09992853000497859,33,7,79.605139232337,2,93.8219243044388,2,5,6,323,1
deploy-01189,payment-service,272.6964381328266,0.546450514636891,21,5,58.4769956389877,7,111.28986437498395,3,1,63,2808,1
deploy-01190,cart-service,83.13222786512412,0.8032887123295296,20,6,81.29007642903,1,50.0,0,4,12,809,1
deploy-01191,order-service,294.06886022600526,0.8199261234370778,33,5,57.529521024546206,5,271.24431607178553,3,4,31,1588,1
deploy-01192,order-service,153.3522807878487,0.48957532664276915,15,1,80.44820295820227,3,166.5378778931347,0,0,94,1048,0
deploy-01193,order-service,6.5619358489991555,0.3356886711911924,5,4,29.630162688818956,7,324.2039700317884,0,1,61,2719,0
deploy-01194,cart-service,230.97489850959337,0.39634369963163707,2,2,77.0344274521127,5,413.7835793341993,1,4,52,2690,1
deploy-01195,payment-service,326.94950495368647,0.7905940555679352,22,1,73.51180500736535,5,233.49748138663085,5,1,33,639,1
deploy-01196,inventory-service,266.00250020049475,0.6876487840098515,10,2,46.53307215080731,8,482.0529860583241,5,0,63,2457,1
deploy-01197,inventory-service,338.83346155483173,0.0,34,7,84.3229606199736,5,227.12871259876206,5,0,24,2573,0
deploy-01198,inventory-service,260.9926750500853,0.0,30,0,100.0,6,252.47526361216322,4,0,72,889,1
deploy-01199,inventory-service,419.2646493659287,0.5368648494322552,30,7,48.033592209041785,11,274.3886471372587,2,0,94,330,1
deploy-01200,inventory-service,190.89255261646358,0.0,11,9,81.62682740216574,2,193.7884170540484,3,0,79,2432,0
deploy-01201,cart-service,507.772381137028,0.6259411969200471,25,9,69.80777645009198,7,57.17566567995755,4,2,60,1858,0
deploy-01202,payment-service,45.740405019728286,0.2918854269245125,1,1,87.08047771563358,8,147.12584787898913,3,1,38,1682,0
deploy-01203,cart-service,0.0,0.48527425713352035,31,6,84.26281946350106,9,238.99678081348375,5,2,89,388,0
deploy-01204,inventory-service,181.11964653692382,0.7018466410592772,21,1,78.79819303271665,7,50.0,3,2,43,2812,0
deploy-01205,inventory-service,75.90459881837137,0.7013896439159295,33,2,64.44845372793363,2,399.06506575844196,4,2,52,2275,0
deploy-01206,order-service,71.66428487354607,0.11427968493837382,33,1,84.88855939473109,5,419.40514346925295,5,1,90,2890,0
deploy-01207,order-service,168.6570663729184,0.5131217113643785,19,5,85.28178249419528,11,301.47877026319543,0,3,25,2660,0
deploy-01208,order-service,22.227313216917082,0.5805720833812948,14,7,88.10282932389688,5,312.41607224255694,5,3,7,1026,1
deploy-01209,cart-service,159.21986277770915,0.056693777029180215,6,8,23.029564501866332,2,50.0,2,5,55,1835,0
deploy-01210,inventory-service,205.4835605564038,0.0,20,0,41.050548047392404,9,216.17519733372504,0,3,17,2728,0
deploy-01211,inventory-service,186.15433501264678,0.06716562265842674,2,7,35.0205530790338,8,347.3871701692341,3,3,78,1029,0
deploy-01212,inventory-service,462.2643992254052,0.2474123974446108,20,7,86.77926054769975,3,106.76073211644382,4,3,96,1222,1
deploy-01213,order-service,0.0,0.6439126769000836,24,6,71.98902446568282,11,387.9983268327196,3,4,52,80,0
deploy-01214,cart-service,434.2351974352674,0.4380822551880301,17,4,83.64133617952223,3,176.44185853547305,0,5,26,2734,1
deploy-01215,cart-service,265.09212799457237,0.9508965552602369,16,4,85.44649990432963,11,50.0,0,1,91,1840,0
deploy-01216,order-service,309.68725413150435,0.0,31,7,66.28426143922617,3,529.348145987311,1,5,38,1268,1
deploy-01217,order-service,371.6584636009783,0.4593280257002862,26,6,54.64308197714929,11,165.5159384581906,1,3,12,706,1
deploy-01218,cart-service,51.17455991143177,0.5042661897067412,8,8,53.86705571416584,5,228.37987738506177,4,5,40,369,0
deploy-01219,cart-service,0.0,0.8199688789902837,12,8,69.793484871926,0,549.5450999921326,4,4,20,1978,0
deploy-01220,inventory-service,360.057494396116,0.15260471681493498,7,8,53.2509806958176,11,178.3048419195858,3,5,45,1776,1
deploy-01221,order-service,140.3335020001486,0.2722090169654692,9,9,73.45961476713651,9,143.8543853351055,3,0,91,1309,0
deploy-01222,inventory-service,57.64068695838881,0.05499554693399722,4,9,71.1400724725099,10,280.43549966098146,1,2,79,1297,1
deploy-01223,payment-service,135.70997415464478,0.0,14,7,67.37068482892677,5,347.6899457516025,5,2,5,1340,0
deploy-01224,inventory-service,63.84479560761092,0.8662636269936894,31,8,42.79311947404769,0,358.0665969389437,0,2,1,684,1
deploy-01225,order-service,0.0,0.37453597676771144,27,5,27.853734725459546,2,196.07804657265416,1,5,69,2587,0
deploy-01226,cart-service,99.87995556483206,0.9946364834349359,17,1,46.63533075189157,3,209.93941924253664,4,0,42,2054,1
deploy-01227,inventory-service,416.16388199711366,0.31659942952858866,2,6,67.81051293707148,1,582.7212092068189,4,4,82,617,1
deploy-01228,order-service,182.13396292874845,0.17905347035271546,31,3,82.7610187162654,3,129.9453158362175,1,1,80,2795,0
deploy-01229,order-service,192.39019155092487,0.3922071028312486,21,1,57.52775115973053,8,305.73886242179543,2,4,92,2417,0
deploy-01230,order-service,158.44017573899774,0.8772612548151024,20,8,84.30445257946205,8,359.99767969004995,1,1,84,72,1
deploy-01231,payment-service,287.4166280130852,0.5692156436364071,30,2,65.75743259179956,11,274.7075904955049,0,2,58,369,0
deploy-01232,cart-service,194.32774471649458,0.0,21,0,54.816203397764745,0,323.76222883025036,1,0,88,2211,1
deploy-01233,order-service,239.1274759693386,0.0,23,4,65.82945072703448,1,240.77988832175694,4,4,97,403,0
deploy-01234,order-service,379.6138887595056,0.8465133101619768,27,3,96.90227717594786,1,256.79424464876234,5,2,47,1579,0
deploy-01235,inventory-service,148.46391230774748,0.0,13,7,96.721659834424,5,377.79074986833814,0,1,83,2158,0
deploy-01236,cart-service,62.32644429160672,0.0,26,5,95.01006227235787,0,498.88235307497837,1,3,91,1327,0
deploy-01237,inventory-service,184.73977705500232,0.6675504703467959,26,8,64.73541923576717,0,222.87458218905775,5,4,16,1400,1
deploy-01238,order-service,179.5499876881624,0.5485332617825245,17,5,77.85149699878907,5,513.9473757421299,4,1,68,1433,1
deploy-01239,order-service,459.27900353423973,1.1626063742599033,8,0,78.46347344312716,3,262.6350558589089,2,3,6,874,1
deploy-01240,cart-service,30.199194387360023,0.2877537760505129,5,2,48.15112090138591,0,297.03093724085034,4,1,15,2876,1
deploy-01241,cart-service,444.27680682831044,0.392426447574478,3,5,61.49792557208701,1,419.95462280824654,4,0,25,1820,1
deploy-01242,inventory-service,507.28622321907324,0.749708141934431,3,3,93.47637693888822,11,169.65866271113578,0,1,30,2507,1
deploy-01243,order-service,312.97241967342586,1.365218219855216,6,5,93.65086553987658,10,252.60190270503313,5,4,29,1933,1
deploy-01244,cart-service,233.06951520476002,0.7852332394245036,34,1,54.163118212402466,9,227.72918973895509,5,5,57,52,1
deploy-01245,order-service,0.0,0.25318762480395807,14,4,87.48248969908228,2,444.6769662304828,0,2,1,61,0
deploy-01246,order-service,253.0798674374521,0.07365756448869842,9,8,100.0,6,295.53313542856444,1,2,10,2082,1
deploy-01247,cart-service,537.5337206763852,0.8233842091933634,29,9,57.16353419504917,11,203.38157755417012,0,0,57,125,1
deploy-01248,inventory-service,211.12060068528845,0.5701791520071859,17,4,74.30805654623174,7,362.03629265752147,1,1,27,2096,1
deploy-01249,payment-service,69.87356507487,0.19519160181307826,26,3,55.855095897178174,11,188.4160129248397,4,0,42,457,1
deploy-01250,inventory-service,219.16256325375272,0.5281332776611902,6,3,100.0,2,476.87251699966043,5,2,62,2650,1
deploy-01251,cart-service,279.54839086139265,0.7376782293859837,22,1,62.576490572478946,9,368.0293359763392,1,1,73,1313,1
deploy-01252,cart-service,34.21353700402173,0.2115738317427365,33,1,75.39607507111266,10,50.0,0,1,33,1953,1
deploy-01253,cart-service,127.73719054418382,0.1968029049157602,16,7,72.84560659158201,3,122.72066285951084,4,1,45,890,1
deploy-01254,cart-service,0.0,0.30368219758006065,16,8,58.04556209647508,10,499.74142767590183,1,4,45,462,0
deploy-01255,order-service,117.48704112914808,0.3950910779182666,27,2,98.9154386125488,2,170.3719588784136,2,4,57,1129,0
deploy-01256,payment-service,101.15695378029491,0.1319607956113767,7,0,54.832072252663885,9,309.5395492008424,1,4,64,2310,0
deploy-01257,order-service,107.63975501192394,1.2239209009896783,28,9,62.43174834337386,1,729.8412864674794,4,0,36,2084,0
deploy-01258,order-service,0.0,0.5400465702818061,6,6,58.84670401632836,1,413.808553768946,0,5,26,1553,0
deploy-01259,cart-service,52.76956191535477,0.4688513385605419,12,8,93.42475531843067,10,217.61803019081194,3,1,73,170,1
deploy-01260,cart-service,133.41451531962787,0.4171390229390221,1,4,53.72538893641478,8,134.17628666366426,3,5,78,1114,1
deploy-01261,inventory-service,138.63415566703858,0.8711403780558761,26,5,53.785677694655384,0,242.70662721200893,0,2,68,1283,0
deploy-01262,inventory-service,107.0330331137537,0.096444814201042,10,1,66.21273795180561,9,295.9900764678734,4,2,80,135,1
deploy-01263,cart-service,230.9811444059016,0.6729787351011486,2,9,58.96956798245414,10,93.1462748665665,3,3,47,1879,1
deploy-01264,order-service,56.355461844645376,0.3366031368640898,24,0,39.253956030393795,11,50.0,0,4,89,330,1
deploy-01265,order-service,259.18343703206403,0.0,1,8,67.10315769045211,4,50.0,1,3,45,1193,0
deploy-01266,inventory-service,10.698372601335478,0.0,18,8,58.997520264075135,10,50.0,2,0,89,2582,1
deploy-01267,order-service,0.0,0.6889686293077626,10,1,66.26540509682484,1,128.75973348509606,2,5,59,1303,1
deploy-01268,inventory-service,236.16553408566745,0.5886502545192732,20,9,58.64950012266892,10,216.26366022270875,0,4,84,245,0
deploy-01269,order-service,376.8047772477237,0.4031895711928533,27,2,30.902697317249512,0,50.0,1,1,52,1506,1
deploy-01270,inventory-service,332.460687562878,0.21292335750283248,27,6,62.57904714675379,0,466.55489544214845,3,2,78,2093,1
deploy-01271,inventory-service,136.50678228457508,0.3131704643311968,12,3,45.425712611608446,1,223.7485953442581,5,0,93,2116,0
deploy-01272,inventory-service,0.0,1.1155939314227254,7,9,41.03383849833588,7,156.8767679705365,0,2,43,584,1
deploy-01273,inventory-service,0.0,0.8464195632925536,15,1,92.049007541847,5,309.5227190471686,1,5,70,981,0
deploy-01274,inventory-service,84.99686562221844,0.06387063228866502,28,9,74.12385274828615,2,325.1786834362184,1,2,96,2295,1
deploy-01275,order-service,0.0,0.0,14,6,100.0,9,50.0,4,1,78,1279,1
deploy-01276,cart-service,299.36411489170655,0.33183868726323296,31,9,66.64368704135512,3,151.25659140608437,4,4,76,286,0
deploy-01277,order-service,143.49745233785322,0.0,5,6,88.97302946266358,2,218.7101502949952,0,2,79,293,1
deploy-01278,inventory-service,196.97998322894082,0.5797243140445717,3,8,46.92830339019676,9,198.69235238492476,5,2,33,456,1
deploy-01279,inventory-service,18.331849792758817,0.8281464638311439,9,6,78.0956217154283,5,356.222883718596,1,1,44,643,0
deploy-01280,payment-service,269.45717015189507,0.07283014501514756,11,0,35.47140404178309,6,214.9167711844054,0,2,73,1542,0
deploy-01281,cart-service,67.9915087588801,0.12304509821530246,25,3,86.65491650578835,8,195.97377033236128,1,3,14,1778,1
deploy-01282,cart-service,434.61645928271696,0.15016828076344385,20,4,85.73277169182023,10,317.529095846715,5,3,22,1697,1
deploy-01283,payment-service,345.86500736337484,0.29940034736476967,21,6,37.27785445958097,1,158.75986379312525,0,2,6,918,1
deploy-01284,payment-service,96.61117447424562,0.12441947504689765,25,6,44.40822193985931,10,411.7633789633882,2,2,17,1921,1
deploy-01285,cart-service,167.01803509660823,0.0,27,3,86.1541740772923,3,262.5826521766874,4,2,93,1224,1
deploy-01286,payment-service,0.0,0.7999753149615405,30,3,48.2493585112102,10,268.01901488668636,1,3,41,1975,1
deploy-01287,payment-service,0.0,0.5428676578743041,26,1,47.37768833599118,3,354.6389577832381,5,3,41,2462,0
deploy-01288,order-service,109.94186564208712,0.8523963240387376,14,9,89.98459067440238,6,326.14191475495784,0,3,60,258,1
deploy-01289,order-service,0.0,0.10610382823246078,23,9,39.88108289129468,1,382.369172509871,5,5,81,942,0
deploy-01290,payment-service,533.2625574176119,0.14785294772672591,20,0,45.04835179380346,6,432.21767148242793,2,0,75,175,1
deploy-01291,order-service,23.72065890925589,0.021745631128376908,24,4,65.33576327483432,10,50.0,3,0,23,2512,0
deploy-01292,payment-service,0.0,0.0,28,1,46.61838876712292,8,180.59780674231445,4,5,40,885,1
deploy-01293,payment-service,139.6559279186848,0.5900535373603479,31,5,67.45177131198487,3,664.9699126628437,0,0,72,1872,1
deploy-01294,cart-service,255.86262989017513,0.0,23,3,71.87815124980254,4,399.65036703970384,4,2,92,1431,1
deploy-01295,order-service,94.37214337606572,0.7345506330508789,6,4,63.7376861734045,7,232.4610937332013,3,1,73,1143,0
deploy-01296,cart-service,163.37293648779388,0.1628808870399167,12,5,64.22489979955357,0,526.3374634711745,4,2,3,2846,1
deploy-01297,payment-service,402.6024713307372,0.2664410255098363,19,4,63.01812701815015,7,258.7719134587449,3,1,9,2323,1
deploy-01298,cart-service,178.29560516224728,0.30585617211315275,25,8,49.11591236800632,2,412.7476802625938,2,2,12,1034,1
deploy-01299,cart-service,198.56191347191162,0.5830241132777222,10,8,91.66232577850431,8,337.01262513528144,1,4,71,1840,1
deploy-01300,inventory-service,38.8567991329634,0.9707242590078706,7,8,85.18970106961837,5,447.8962972880703,0,2,93,2178,0
deploy-01301,payment-service,305.12262533436007,0.19044069771576067,9,0,94.17233694594034,9,219.04413575064535,2,3,8,2092,1
deploy-01302,order-service,375.1122368178803,0.2921670589917985,16,0,52.79749917983869,1,441.51322223694984,0,2,48,815,0
deploy-01303,order-service,276.9259589914513,0.5160224964279179,18,7,69.23397518939623,0,363.8194347247239,5,3,63,1613,1
deploy-01304,inventory-service,131.7439157162367,0.5212575527593921,17,2,56.78418975198919,2,251.17371913741943,1,1,21,1115,0
deploy-01305,payment-service,477.9604352108244,0.7275398097424375,9,4,30.267157751335162,6,131.12069900604692,2,5,98,2986,0
deploy-01306,order-service,383.09771905969524,0.8129301935878328,28,8,48.05005608579659,4,399.27611248004956,5,1,93,135,1
deploy-01307,inventory-service,170.23961066232468,0.4853003349665332,24,5,42.4856691760355,4,149.3903640973894,1,0,71,1868,0
deploy-01308,order-service,278.2048569073887,0.6813398723883884,29,7,59.067364715039986,3,528.4089821975056,4,0,21,2391,1
deploy-01309,cart-service,230.2293630307591,0.2990465827266875,17,6,33.831434549771586,1,262.2054915930604,5,2,81,2856,1
deploy-01310,inventory-service,2.487865432124238,0.3447460287356863,15,9,41.86962399000835,3,50.0,5,4,3,1227,0
deploy-01311,cart-service,377.6855715637778,0.7447406511578438,31,1,28.19176606957606,3,357.35535109885717,3,4,63,2009,0
deploy-01312,inventory-service,0.0,0.08129089776658505,16,9,65.53851803496082,8,67.65458056019773,5,2,79,1188,0
deploy-01313,inventory-service,110.05742893353427,0.2305087404839009,25,2,70.2624545316119,7,256.39138356400537,5,5,39,1936,0
deploy-01314,order-service,0.0,0.0884042957896683,34,2,57.106501897221264,6,559.7792857132483,2,1,30,571,0
deploy-01315,cart-service,362.57482204441544,0.3420257243239968,5,5,81.29257027232634,5,521.6067494377564,2,0,44,2976,0
deploy-01316,order-service,171.58258400549144,0.4663517356744714,23,1,48.05303771304371,9,390.48906982831585,2,1,3,2266,1
deploy-01317,cart-service,0.0,0.24642272958871883,9,9,70.73990386175238,3,531.9775037417944,4,4,72,694,0
deploy-01318,payment-service,495.711650000328,0.1938571086942108,11,1,78.37621800954642,0,249.44823189066312,3,5,67,1561,1
deploy-01319,inventory-service,0.0,0.6902372907345404,16,5,33.41973404859512,3,125.38295050096094,3,5,91,2007,0
deploy-01320,inventory-service,0.0,1.2640691008503597,9,1,74.98001794593888,1,168.90617671521665,5,2,39,2461,0
deploy-01321,order-service,0.0,0.3082495959610483,18,2,45.28044633161504,11,255.31625945594914,3,1,40,2725,0
deploy-01322,payment-service,437.24718264639523,0.2419395688209398,16,7,53.15561672170595,10,237.7650819354121,2,0,32,2996,0
deploy-01323,inventory-service,471.79267185110393,0.53710487686826,20,3,80.84802264780807,5,271.5981038967358,3,3,53,1848,0
deploy-01324,payment-service,0.0,0.5175075411588287,17,5,64.85772497393245,2,270.7651779024797,0,0,34,968,0
deploy-01325,cart-service,254.98286562909755,0.031246135118551233,18,9,86.9458896654024,6,395.5266447713052,3,5,32,178,1
deploy-01326,payment-service,0.0,0.40163844465703413,24,6,49.29894272397843,6,236.40905760082347,3,0,21,286,1
deploy-01327,order-service,36.17640819029859,0.051871667972529345,32,7,62.297784073390424,10,258.22147897349527,0,0,5,2217,0
deploy-01328,cart-service,218.35997737090216,0.28844315029892226,28,5,30.472335295584287,2,469.3963514164599,5,3,92,2121,1
deploy-01329,inventory-service,126.6272675278368,0.281043807965796,13,9,80.53404467419556,11,441.5195784541713,1,0,51,1189,0
deploy-01330,cart-service,0.0,0.22156270469445863,30,8,69.96373188953392,10,251.40050768147023,4,0,11,237,0
deploy-01331,payment-service,613.9605392055262,0.31432797043825544,18,2,100.0,4,279.11374442547685,3,2,65,364,0
deploy-01332,cart-service,252.61055586418072,0.2842556375420665,21,8,36.521354627798836,5,451.4690832600843,5,3,7,2099,1
deploy-01333,cart-service,236.8832395942226,0.7444957337470282,11,1,21.067288990019293,5,354.30350514666804,5,3,98,933,1
deploy-01334,cart-service,212.66905549250646,0.0,25,6,68.12528863076422,4,411.10556319814214,2,5,19,2460,1
deploy-01335,payment-service,0.0,0.0,23,0,50.25431700918372,6,429.90352079225727,0,4,21,2613,0
deploy-01336,inventory-service,181.45349887269657,0.7950962655204825,17,6,67.41928921405449,9,280.77200633626273,5,5,6,472,1
deploy-01337,inventory-service,282.9878361933103,0.37931797893807007,2,8,59.147386047745584,2,287.07356561165574,2,5,17,2463,1
deploy-01338,inventory-service,522.9516653283587,0.7558783889651017,24,0,34.215710382819054,8,50.0,0,0,2,1892,1
deploy-01339,order-service,375.77059007502,1.2039693816749277,25,1,86.71046537572943,5,283.91794077184045,1,3,18,1565,0
deploy-01340,payment-service,102.65726786992992,0.8375562806863699,10,9,48.04196388450393,3,210.77730801438662,4,1,55,1154,1
deploy-01341,payment-service,365.2430180802792,0.485577937122458,28,5,71.37661768741746,7,235.46221455561022,2,1,14,459,1
deploy-01342,cart-service,136.43008645823176,0.0,23,7,23.657795507812054,4,197.84697472667813,3,0,68,783,0
deploy-01343,inventory-service,46.70904562876876,0.4537857817978872,26,3,46.99500044196981,7,290.15488007636463,0,3,4,1246,1
deploy-01344,cart-service,133.2355678096183,0.3522680141194437,12,4,45.58121553847201,0,352.8846039765105,2,2,17,229,0
deploy-01345,cart-service,0.0,0.2879710464942823,12,3,68.93959610930487,8,484.0862905282188,0,4,60,217,1
deploy-01346,cart-service,190.7228644958419,0.4459874524189518,1,6,65.05030632918182,7,152.75839388843434,3,1,68,242,0
deploy-01347,order-service,147.8015464728957,0.6480340502303893,31,9,68.25924242649972,11,180.5851922999902,3,1,10,1549,0
deploy-01348,cart-service,401.91905345502516,0.3274885481666778,30,5,71.7259842801812,8,347.45782471084806,3,0,87,395,0
deploy-01349,order-service,237.18736515690847,0.5987098185655189,1,7,66.128297240517,8,127.47951012544571,4,4,68,1264,1
deploy-01350,inventory-service,336.1069406366952,0.9820429858979647,16,8,67.0091854166579,1,190.06823306244775,1,0,6,446,0
deploy-01351,cart-service,128.7873006033917,0.39911854073704395,6,3,80.79295349578368,8,187.365854033345,4,3,44,1603,0
deploy-01352,order-service,21.31816857388668,0.0,2,5,66.20472345870026,3,63.88660838537194,1,3,15,2316,0
deploy-01353,inventory-service,344.10801969339064,0.22887186447551772,12,5,65.56941582218855,2,294.2138293082955,2,4,49,2999,1
deploy-01354,cart-service,158.62939184781683,0.5776551980524466,7,6,63.927965842790776,5,81.66038691789527,4,4,14,1141,1
deploy-01355,payment-service,258.0282828765849,0.7511377561397011,29,3,100.0,10,67.17713552576785,3,4,80,1113,0
deploy-01356,order-service,294.80417185882834,0.0,19,5,60.9221808226677,5,436.88412734062774,4,2,85,1203,1
deploy-01357,payment-service,233.90197691970377,0.5781167291247125,20,7,63.86061758362778,6,222.97494281059886,2,4,16,917,1
deploy-01358,cart-service,0.0,0.4876525833483688,17,7,97.92010653975572,8,50.0,3,5,58,2404,1
deploy-01359,order-service,134.61608343580698,0.6432663199021282,6,9,88.77377303218742,2,241.60105124528963,1,2,77,1866,1
deploy-01360,inventory-service,82.81523890152206,1.2003796783826457,15,9,21.900695589997895,11,162.72773270812877,1,3,1,532,0
deploy-01361,inventory-service,211.94684096557586,0.1380045863488279,34,7,57.62872899347537,2,151.2764145678093,1,5,75,589,1
deploy-01362,cart-service,304.21162298806007,0.3141690827146435,1,1,32.924556894866,0,281.4354621284674,3,1,7,2354,0
deploy-01363,payment-service,416.39286312718906,0.17694939554960426,27,5,84.16540808010647,4,133.58285647041254,4,4,52,2264,1
deploy-01364,cart-service,185.36259536275332,0.6442794873586203,18,4,65.1994077052245,0,457.2601095483713,3,2,89,299,0
deploy-01365,inventory-service,256.6789559474165,0.28089869876361023,23,2,49.555665884461526,4,50.0,3,3,96,636,0
deploy-01366,inventory-service,216.77955490649424,0.5915846161959988,21,7,59.506371420907634,10,262.4335842129425,5,5,55,2736,1
deploy-01367,order-service,142.95555188624263,0.2976254126977189,22,4,54.885695960816975,3,228.17276057841767,5,1,77,106,0
deploy-01368,payment-service,0.0,0.6566300404194151,31,0,45.1353709997308,3,365.990536348491,0,5,97,2150,0
deploy-01369,order-service,210.31602983475037,0.3078326711681724,4,8,50.245484770875635,4,230.9176313710191,2,2,80,693,0
deploy-01370,order-service,55.57104730069527,0.05505171110913415,6,5,39.0313606180695,9,270.09809527869504,2,5,50,2079,0
deploy-01371,inventory-service,181.49810655616585,0.5323592792221475,18,3,63.18131195125172,9,383.2681646455633,4,2,86,394,1
deploy-01372,inventory-service,224.3719572096771,0.25916198596635426,29,2,91.48566384139976,1,388.01342714977443,0,4,54,662,1
deploy-01373,order-service,435.09768954034274,0.6657177394893535,2,3,44.562746163491255,7,323.71604422967073,2,2,48,2583,0
deploy-01374,order-service,316.7951627824935,1.2345337111977173,3,8,76.00826379382585,7,185.22560204634976,5,5,84,661,1
deploy-01375,order-service,485.8296220636072,0.0,9,7,90.7623443566207,7,213.73427563018654,2,2,97,709,1
deploy-01376,order-service,73.03340790049377,0.10372573071075686,26,4,49.24663595152537,10,178.06135224272398,3,4,95,1529,0
deploy-01377,payment-service,194.58029547113253,0.8236191256926139,24,4,52.80359123522756,3,231.52803923595624,2,4,96,1548,1
deploy-01378,cart-service,52.143280103565445,0.30641792446112365,4,8,86.84120833560186,6,110.78122576632839,1,3,1,474,0
deploy-01379,cart-service,195.7742766489771,0.6376919146974164,1,8,92.27773148708116,2,249.73830138696977,0,2,68,940,0
deploy-01380,payment-service,341.42482583762137,0.23112897252996747,10,2,78.19194821188583,7,118.90411590313889,0,0,50,1646,1
deploy-01381,cart-service,86.70837060487864,0.5721417948341709,26,4,57.58590794225155,0,330.06644107877605,0,2,97,1893,0
deploy-01382,cart-service,236.97379137801735,0.348940387528214,32,3,85.28346524496598,3,264.85144340535146,3,1,50,1031,0
deploy-01383,payment-service,30.36804864684308,0.5240363887954319,32,0,46.53997919095153,5,447.0829788952652,5,2,5,2044,0
deploy-01384,order-service,474.18616234998535,0.0,22,4,50.45747371712133,4,50.0,2,1,7,1417,1
deploy-01385,payment-service,383.7742735007723,0.44555611908316717,7,4,30.674041869177763,7,142.575420524103,2,2,40,1522,0
deploy-01386,payment-service,552.6406705303933,0.2993180590839897,22,8,67.67006444413465,4,504.1298461871197,4,5,85,1278,1
deploy-01387,order-service,387.8039646532418,0.5825833618752809,14,1,51.59557813452109,11,126.57483137144258,5,4,57,1900,0
deploy-01388,payment-service,383.770770274821,0.3230069797782793,11,9,65.25486730408116,2,347.2643396221067,4,0,96,2387,1
deploy-01389,order-service,222.77408302706064,0.7654468588458861,17,6,71.14099316729974,8,277.971807658712,1,3,30,2820,1
deploy-01390,cart-service,148.70676027295607,0.31296560472190205,18,1,50.33707503872293,8,50.0,4,5,85,1329,1
deploy-01391,inventory-service,206.982782595623,0.6154518695790716,23,7,37.31187736781962,6,72.13191795734988,3,3,55,984,1
deploy-01392,cart-service,211.45612805210195,0.5043018448792508,15,6,74.98965054577997,3,198.41491138311324,1,0,65,2287,1
deploy-01393,cart-service,205.4901733574427,0.6474171028352498,23,1,58.68453649675213,2,86.27058151516295,2,1,21,2860,1
deploy-01394,inventory-service,73.00632951286786,0.1250632701238295,19,7,83.95423513183736,5,358.3106788811498,1,2,35,2677,1
deploy-01395,inventory-service,208.51395851171614,0.26523558543595316,32,9,76.998008679658,3,427.680886827157,0,3,82,714,1
deploy-01396,inventory-service,301.4867412302242,0.17985825657364407,34,9,29.604069797577523,1,115.11846289812604,3,4,2,903,1
deploy-01397,inventory-service,390.7529039403798,0.6869171927142366,22,2,77.16030871225713,11,266.76320461621896,0,4,23,2081,0
deploy-01398,order-service,62.3792455276939,0.38617719986637566,27,4,50.92188431148933,8,95.5168035737357,2,2,22,2489,1
deploy-01399,cart-service,426.265720375867,0.4364885664430875,6,1,22.397032836977495,7,315.7188238661421,2,3,65,474,1
deploy-01400,payment-service,0.0,0.5661488043729683,18,5,60.44117049052967,2,119.86086963443381,4,0,80,2919,1
deploy-01401,order-service,487.64785750425705,0.6524953905744634,5,3,69.84126162759475,5,165.3503087431655,3,0,39,746,0
deploy-01402,payment-service,474.32514985661874,0.689932674265488,27,1,39.36838982169189,11,137.2561935030398,4,5,87,528,1
deploy-01403,inventory-service,42.047977213396564,0.3867386171597875,20,6,46.33625868753105,10,103.45632502963178,0,2,25,2736,1
deploy-01404,inventory-service,118.32475075768355,0.1729713946648046,20,0,100.0,9,332.6296608538355,3,2,61,1228,0
deploy-01405,inventory-service,295.4902103222744,0.28686465115821785,20,8,65.42213877770169,5,366.21411030927027,3,1,29,1816,1
deploy-01406,inventory-service,155.25877929834587,0.7447177341131965,19,2,73.79482791206357,0,87.5896176963995,5,1,34,66,0
deploy-01407,inventory-service,338.34495458412283,0.009338610771371603,27,6,63.610060904270135,7,569.9996095648291,3,2,49,2136,0
deploy-01408,inventory-service,207.39266980342876,0.2932578682667657,27,7,31.774561944537332,1,246.33456477005174,5,1,27,1902,0
deploy-01409,payment-service,278.6556658106529,0.429160542784423,2,2,55.274725692771916,11,50.0,3,0,54,1914,1
deploy-01410,cart-service,32.974823376543924,0.0,32,8,81.23528893655498,3,216.9075494958418,2,0,86,811,1
deploy-01411,inventory-service,452.7109604248371,0.060630793121701276,13,7,59.5563201066209,3,232.6258149449649,3,0,63,1934,0
deploy-01412,order-service,419.3513100415543,0.5661375413718458,29,3,66.85945085644956,8,411.61605433793864,4,3,14,167,1
deploy-01413,order-service,174.52631766155676,0.5944997812991447,10,6,64.53253716008214,3,50.0,5,3,4,1246,0
deploy-01414,inventory-service,122.80419660328037,0.2530382590390563,8,5,51.357474603108535,5,329.46142360897335,4,3,69,2137,0
deploy-01415,order-service,197.79311214359825,0.5992688414806004,5,2,56.485398589017656,0,378.1827937499615,1,3,89,2641,1
deploy-01416,payment-service,0.0,0.4763208434421544,6,0,59.58579157924447,3,286.2566833574807,2,1,54,2706,1
deploy-01417,inventory-service,249.67330630526556,1.0025491199571,1,3,76.0168040089622,4,381.72278678857356,3,3,72,954,1
deploy-01418,cart-service,257.9334687275404,1.2760480373801375,24,6,100.0,11,365.2449232987649,2,1,98,2680,1
deploy-01419,order-service,0.0,0.3928358013646033,25,0,61.43334046301687,1,127.59877098098707,0,4,41,1063,1
deploy-01420,payment-service,274.4755112718988,0.7296258804707334,25,7,68.56615206317099,1,291.39733111224973,3,4,27,952,1
deploy-01421,cart-service,59.54433837906427,0.17196835105115443,18,9,58.00752876823559,11,382.92264294749094,0,3,60,2518,1
deploy-01422,inventory-service,119.769777052319,0.6557863312445885,22,5,100.0,2,50.0,2,0,88,1911,1
deploy-01423,order-service,325.80245417823176,0.19449058927242857,3,3,100.0,6,116.90624317587663,0,5,10,841,1
deploy-01424,cart-service,142.0411973505933,0.0,11,2,59.741455122887764,8,88.83795263313706,0,4,27,1551,0
deploy-01425,cart-service,240.368270463694,0.475627423663448,10,4,67.51306948080888,10,242.3986063650614,3,1,82,1613,0
deploy-01426,order-service,140.90606349142305,0.6868704781750918,11,8,46.02024323613348,11,212.3117555059479,5,3,24,2379,0
deploy-01427,order-service,131.22046601539847,1.232156633050098,17,3,44.765425414973976,0,225.04570377221867,1,2,9,2490,0
deploy-01428,order-service,258.9224275241692,0.28834225650207757,2,8,61.02756815983349,5,163.34959228823053,3,1,13,252,0
deploy-01429,order-service,137.95755404671573,0.9228665569720091,21,1,73.32303114548392,10,254.15930190821373,4,1,74,1432,1
deploy-01430,cart-service,337.2303129662994,0.16325126286488967,14,4,62.94986578174632,4,99.63467930193809,2,5,67,1642,1
deploy-01431,payment-service,123.88749428527095,0.0,24,9,85.47173293250013,5,355.77704889551245,1,2,31,2277,1
deploy-01432,order-service,456.15457615953807,1.1737168772798667,16,3,100.0,3,147.97264426969866,5,4,52,1358,1
deploy-01433,cart-service,132.2029483409869,0.1491204655185926,7,8,87.8004422408656,7,399.59526224635545,4,0,51,1114,1
deploy-01434,payment-service,297.09734037341,0.47291148144540684,9,3,100.0,4,244.6090597058052,3,0,82,2095,0
deploy-01435,order-service,0.0,0.0,22,3,33.77195554174874,11,542.4943448059232,5,4,40,2885,0
deploy-01436,cart-service,398.24241267112984,0.9406529696716288,22,3,58.36695466805099,0,114.13060951585314,1,0,4,1162,1
deploy-01437,cart-service,81.25051643469622,0.6962315672439147,9,8,58.451187448765886,4,110.38351824538529,5,5,26,1782,0
deploy-01438,order-service,187.99938755359915,0.5356837320924908,12,7,57.964452679041656,9,249.14197297420637,0,3,89,454,0
deploy-01439,order-service,227.29230499160315,0.0,9,0,60.92258716727615,5,551.7888044405281,5,5,92,1325,1
deploy-01440,order-service,180.45744049049796,0.6865946850238839,10,1,82.9041165777248,8,261.24844478692415,4,5,29,2487,1
deploy-01441,cart-service,430.5813141207983,0.42317147805361843,24,5,54.149522401513266,4,182.0946281051215,3,1,53,2349,1
deploy-01442,order-service,237.70452550397215,0.3009424432284863,2,0,34.08400808001285,8,703.9977387542599,2,5,48,1036,0
deploy-01443,inventory-service,41.38832529486098,0.0,5,9,91.52369926859157,0,376.11180503859543,2,5,59,1640,0
deploy-01444,cart-service,193.52966162156414,0.5906466064726842,19,4,70.08290855380572,6,151.9454239326235,4,5,99,611,0
deploy-01445,order-service,318.7641344798226,0.0,22,5,80.6926242676679,7,50.0,5,3,18,366,0
deploy-01446,payment-service,291.91770860997383,0.18829212202008494,4,6,51.19836466798452,9,242.04513333820523,5,1,68,2255,1
deploy-01447,inventory-service,0.0,0.6217308583948971,1,7,32.669356517916974,6,398.9374990302891,2,4,44,1203,0
deploy-01448,cart-service,378.0845369383529,0.3473465672281062,31,4,67.45849235614642,5,326.1450136760037,0,0,69,633,0
deploy-01449,payment-service,70.98460252002587,0.4325860483418086,6,7,43.95615597347306,2,50.0,4,1,79,2977,1
deploy-01450,cart-service,248.53628219644855,0.4325846924273633,29,0,65.09337791152097,1,533.8275650452345,1,1,98,2877,1
deploy-01451,payment-service,35.05938662328174,0.8973542245769451,32,1,68.91785669935172,7,204.53793467152695,4,0,61,247,0
deploy-01452,order-service,33.32389678001209,0.22743002251304245,10,0,93.3345371197617,4,537.1550915585632,2,0,31,1239,0
deploy-01453,payment-service,86.46230225574575,0.4160394151756728,1,8,56.89374114419264,4,221.56179060788537,3,5,2,1618,0
deploy-01454,payment-service,0.0,1.0009979506504423,25,6,77.2003515197303,4,358.76166747233134,5,5,61,1749,1
deploy-01455,inventory-service,298.86479756367487,0.2456832911727116,18,3,17.641575622776024,7,192.16491970371254,0,2,98,1918,0
deploy-01456,payment-service,0.0,0.09586931035582774,7,7,53.34794466207537,6,180.31834569981618,1,4,91,636,1
deploy-01457,cart-service,0.0,0.22929966294937296,23,6,41.07744535686488,1,50.0,0,0,73,909,0
deploy-01458,payment-service,0.0,0.47026566843942863,33,5,63.25558629005615,1,218.2327549548794,3,2,1,757,0
deploy-01459,payment-service,0.0,0.6155960785474642,1,1,56.620553671645396,0,134.7378097766451,3,0,86,691,0
deploy-01460,inventory-service,149.59016033965673,0.39837976350272725,7,7,51.64826598307647,5,179.77702410296718,4,1,60,1875,0
deploy-01461,inventory-service,325.43034071737526,0.6413321643974681,8,6,32.86082702890886,6,234.49069072392703,1,1,3,31,0
deploy-01462,cart-service,382.1357135028319,0.5791686116022962,9,1,46.82513354627555,10,87.36191236193602,5,5,58,2306,1
deploy-01463,cart-service,442.930021163937,0.38533269799637754,23,9,37.229930638892576,3,195.89511622342906,4,3,45,1980,0
deploy-01464,cart-service,437.5199578653682,0.5007392796077396,31,1,77.43204755037564,7,412.65300620017763,5,1,60,471,1
deploy-01465,order-service,314.7101797760169,0.4937696668891619,20,5,53.73337046037254,9,382.80663293486873,4,1,95,1010,0
deploy-01466,inventory-service,28.019240909456755,0.5194267925260729,2,0,38.4096867369703,9,321.1876379409281,0,3,11,2726,1
deploy-01467,order-service,194.0341865654541,0.47329494665267696,3,8,76.35948917648662,5,135.37652450406523,0,2,47,1152,1
deploy-01468,order-service,0.0,0.10548038182517983,30,8,56.81696700563092,1,50.0,5,0,76,488,0
deploy-01469,inventory-service,226.6588015974526,1.2885675884898666,29,9,48.64099849456383,8,211.60749930940642,4,4,78,2214,0
deploy-01470,payment-service,64.82249423902694,0.16000398770084107,19,4,94.85409214551949,5,213.43493149062346,5,0,6,914,0
deploy-01471,inventory-service,0.0,0.34695477780458855,13,3,52.24038507937486,3,283.83727100595473,3,0,87,1543,1
deploy-01472,order-service,295.86959773670264,0.37783034224483797,24,8,49.104823765940374,2,213.79038092999775,2,5,18,793,1
deploy-01473,inventory-service,99.7721659154018,0.5493156515233647,8,2,90.6154663228634,5,161.3860365031054,5,2,34,2984,0
deploy-01474,payment-service,208.5896182128276,1.2450130796319714,30,0,71.93275817547563,0,209.6289326142974,2,2,11,1837,1
deploy-01475,payment-service,413.0600837433868,0.0,8,1,81.26745378946651,8,50.0,3,1,33,1828,1
deploy-01476,cart-service,241.8885403746219,0.925696527303536,7,1,55.798598907455954,8,78.30913344267077,5,1,10,2645,1
deploy-01477,order-service,142.67474306292095,0.46000361934230566,9,7,97.53601765012701,9,277.84803031679047,2,2,13,1042,0
deploy-01478,payment-service,327.362286117429,0.939097053256899,17,4,76.07785117517925,11,443.89336155090166,3,4,59,2490,1
deploy-01479,inventory-service,268.99036837499864,0.594664318219924,12,6,58.98336757344317,1,370.107974551166,1,2,4,2508,1
deploy-01480,payment-service,0.0,0.44403046163833065,11,1,77.3050904066591,10,354.4749886443193,3,3,16,1122,0
deploy-01481,cart-service,261.09912380109495,0.4942328440362392,7,0,39.71097303434144,9,518.6194132916567,1,0,15,1509,0
deploy-01482,inventory-service,20.97296518601027,0.8270036936512871,10,8,100.0,2,158.01925901510037,5,1,67,1959,0
deploy-01483,inventory-service,183.20218435293899,0.7316622655596983,2,2,87.01523667315767,7,176.8791827797653,3,4,17,2849,1
deploy-01484,inventory-service,142.74275923778245,0.5220559373039119,6,8,49.23433698430072,4,210.89602118163285,5,0,11,1577,0
deploy-01485,order-service,229.29668474389442,0.18289883604817425,7,9,100.0,4,98.51718458917085,1,1,52,1289,1
deploy-01486,order-service,46.567571368897205,0.2587232491935901,25,6,91.55440786361861,6,248.6311009791057,1,3,15,419,0
deploy-01487,cart-service,333.33682017990554,0.005098628975204467,10,7,64.82095320455558,4,242.79814723724073,3,1,13,2554,1
deploy-01488,inventory-service,279.9044475023999,0.11355255219336835,4,5,46.81869378324427,7,192.2750023743527,3,1,97,799,1
deploy-01489,inventory-service,520.9286259161847,0.0,26,8,78.96970314119508,7,181.89531767124623,2,1,98,2730,1
deploy-01490,payment-service,360.3728265150269,0.3058449369572065,16,2,58.894930848652876,3,50.0,5,5,49,511,1
deploy-01491,inventory-service,72.83750005298356,0.0,4,9,39.42879533768006,3,220.63368015640248,5,0,32,2366,1
deploy-01492,cart-service,273.48172951554454,0.17323687628022805,33,4,34.88900059899788,6,484.32065476792445,1,4,11,86,1
deploy-01493,cart-service,182.28283062344866,0.26493466551939937,27,9,69.53802031925592,8,180.56354061571105,1,2,99,2615,1
deploy-01494,payment-service,64.28920859626717,0.61617643653953,3,3,43.992369172024745,6,362.36898839599354,0,5,99,2575,1
deploy-01495,payment-service,90.05696075121999,0.2587387849149816,13,2,60.92046203975019,7,78.1766629927325,2,2,22,2355,0
deploy-01496,payment-service,226.02441602327832,0.23337829836623775,18,5,100.0,7,426.18506811207146,2,4,44,1043,1
deploy-01497,order-service,313.72291014171816,0.25966021075322765,22,2,41.89465113620548,2,316.6596793719134,3,0,67,2907,1
deploy-01498,inventory-service,242.82777386668198,0.7400783830562383,11,2,40.313088590050796,7,195.3472495168559,4,0,40,2981,1
deploy-01499,order-service,0.0,0.7522473174256074,25,9,100.0,9,139.08941199482302,1,3,87,2155,1
deploy-01500,payment-service,311.13468951357925,0.37116173261919594,31,2,81.3191431869732,10,339.4507750891197,2,4,49,660,1
deploy-01501,payment-service,0.0,0.5092323605969703,9,0,39.067478584300915,1,200.04904139623648,2,0,6,705,0
deploy-01502,order-service,159.97139823658972,0.0,22,9,51.836265408249176,5,199.6599805018134,0,1,9,1157,1
deploy-01503,inventory-service,449.65221632347794,1.054785810283939,7,9,41.12758878141736,7,50.0,0,3,96,2797,1
deploy-01504,order-service,245.03701697542778,0.0,27,5,65.02592413062213,11,429.8118904231701,3,5,33,2777,1
deploy-01505,payment-service,54.891619603618366,0.04839707948689759,7,6,36.21798377716069,5,105.81786693192208,4,0,11,548,1
deploy-01506,payment-service,557.7386891613696,0.0,1,9,68.48009978081915,2,95.41638941152769,1,2,13,960,1
deploy-01507,inventory-service,0.0,0.1552183055190478,24,9,83.240526665277,2,331.0767566899432,3,2,53,744,1
deploy-01508,payment-service,68.0209717501248,1.370232991261929,30,6,21.144619149829182,6,307.1907996900631,2,0,56,1404,0
deploy-01509,inventory-service,435.4168261046923,0.7788079570927586,6,3,61.95909838878305,11,327.53751861461205,1,0,12,1931,1
deploy-01510,payment-service,0.0,0.5336972018162132,21,0,45.139225937105586,2,50.0,5,2,78,2018,1
deploy-01511,payment-service,0.0,0.22045281890650362,31,3,63.95825469386999,5,373.4011091562978,0,4,67,1541,1
deploy-01512,cart-service,163.3928222516424,0.17822953179856005,33,6,66.39504568446972,7,614.5454654099922,5,3,77,2628,0
deploy-01513,inventory-service,328.7063173697419,0.732006948813071,16,8,56.45317290610386,7,204.63732702315673,4,0,53,876,0
deploy-01514,order-service,81.1113296691686,0.7643601386298301,32,0,30.189144719544018,5,290.3245255743216,5,1,40,951,0
deploy-01515,cart-service,250.36112823443074,0.4580144611660626,22,8,100.0,4,387.26061312521335,5,2,32,1826,1
deploy-01516,inventory-service,548.0790413560846,0.18783131898924865,30,5,62.48286114598852,10,50.0,1,2,26,2957,0
deploy-01517,inventory-service,6.255433179845312,0.9648527697214004,1,7,96.72111064192802,6,285.54469961021744,1,3,92,1331,0
deploy-01518,inventory-service,150.1347571153679,0.0,9,5,56.18066216513396,7,213.6171753972544,3,1,32,1825,1
deploy-01519,inventory-service,49.935941618832175,0.15943679427035307,27,6,61.07099434369611,7,337.8807485316256,2,1,8,1835,0
deploy-01520,cart-service,26.798439396350375,0.8784388121718462,4,3,61.87089394149507,8,303.7120066718968,4,3,49,2518,1
deploy-01521,payment-service,0.0,0.6345138892211741,28,6,80.55893219290492,3,322.25125934135804,4,4,13,1039,0
deploy-01522,cart-service,156.5211832502658,1.0392444992839291,15,9,58.5465092508189,0,64.3997282380005,2,4,34,2370,0
deploy-01523,inventory-service,187.3087452688315,0.47195267062183577,13,8,20.135094677954783,1,318.6556056089158,0,3,51,2242,1
deploy-01524,cart-service,400.91380094248325,0.4415102531598733,26,3,55.875642957735785,2,50.0,3,1,73,1097,1
deploy-01525,payment-service,235.9131987784044,0.7898936934583934,20,2,100.0,6,172.38730652207693,1,4,15,1350,1
deploy-01526,payment-service,353.076770071492,0.5006757606614844,6,8,32.280652925912854,10,348.39979827431523,2,5,65,2690,1
deploy-01527,payment-service,79.37657433980941,0.3653400639263116,10,1,100.0,9,386.7806093265384,5,1,42,1445,1
deploy-01528,inventory-service,332.56092313832437,0.0,18,5,53.53332298065665,10,280.76201193162024,3,5,56,2679,0
deploy-01529,inventory-service,231.2526081567865,0.46449875351818004,17,4,100.0,4,275.9010965476159,2,3,64,1013,0
deploy-01530,inventory-service,161.5759365277949,0.25553248913641646,23,0,53.62983910983383,11,112.82660947968549,5,2,76,1107,0
deploy-01531,cart-service,0.0,0.0,1,9,65.9810681943476,11,161.68512580342409,1,3,55,1007,0
deploy-01532,inventory-service,186.30421389547462,0.1752039845358656,26,6,59.692732537692535,11,267.03774736271197,5,2,55,987,0
deploy-01533,cart-service,50.41483520514035,0.8352783117054243,20,0,84.49073218920155,6,236.21810909608035,2,2,48,2558,1
deploy-01534,inventory-service,213.7530844265832,0.4125798803278351,24,4,32.77478924009331,4,190.86225922249105,0,0,43,2378,0
deploy-01535,inventory-service,101.45549616645694,0.871660079189806,1,2,74.04824236095976,10,279.3559191284075,3,5,83,2922,0
deploy-01536,order-service,140.60404927024302,0.44301552441374653,8,9,50.2488970955838,1,421.135167761292,3,5,38,1461,0
deploy-01537,inventory-service,292.9442418009047,0.8169597944475413,33,0,51.22340615632398,2,147.78665411781327,0,1,31,91,0
deploy-01538,order-service,45.01401826523815,0.38705624958450646,6,4,34.73721296900492,11,301.9719150452845,5,3,16,816,0
deploy-01539,cart-service,12.682280932296607,0.4420579645214442,24,4,27.5979805995144,0,227.2023602807807,0,4,33,22,0
deploy-01540,order-service,195.89997827034543,0.8067255411914598,13,6,57.337727722498826,3,50.0,2,2,27,1740,0
deploy-01541,cart-service,14.07782650794897,0.5591994266366336,24,8,95.71305161727543,9,173.0930415798327,5,5,39,1908,0
deploy-01542,cart-service,305.73015319170673,0.0,16,7,61.41818078265264,9,255.56622040421,3,1,48,1113,0
deploy-01543,order-service,170.0359654927562,0.2930175124999759,24,9,62.812589847978195,4,526.7131641338644,3,4,2,2264,1
deploy-01544,cart-service,16.336757243031826,0.0,24,7,91.61867516662957,6,102.59710384572145,4,1,17,2538,1
deploy-01545,payment-service,360.8479850263361,0.805502065442735,19,5,50.732951045970026,10,295.3545964377978,0,5,73,2812,1
deploy-01546,payment-service,285.34189864922405,0.6880889015059579,2,4,54.35903726131189,11,282.32517997029527,1,0,99,1562,1
deploy-01547,payment-service,496.74856142168125,0.5039920314995985,5,9,65.59794416135202,2,262.7900597865118,3,2,29,1803,0
deploy-01548,cart-service,215.0927809077251,0.012831186729856336,26,4,86.24604002269969,8,511.0215656262155,0,3,78,1395,1
deploy-01549,order-service,494.8330334303143,0.29137942389203686,10,3,72.62846634084097,6,247.46660164527714,5,4,40,1012,1
deploy-01550,payment-service,392.3745831412216,0.8706871624038565,3,3,75.80415914929809,5,183.12817033776068,5,3,55,112,1
deploy-01551,cart-service,224.29466832576975,0.6872325960645135,27,5,94.96361260352985,6,366.84162876592393,2,5,60,2974,0
deploy-01552,payment-service,160.82875089713107,0.7966086332881537,11,1,100.0,4,414.6591716570448,1,2,50,1497,1
deploy-01553,payment-service,61.6379539943014,1.108763102785557,14,5,49.124090698257575,0,210.0257931670625,5,2,14,859,1
deploy-01554,cart-service,225.91084796904607,0.5869284571923563,19,8,31.834624739120045,3,296.64346782243575,2,1,34,2597,0
deploy-01555,payment-service,349.50154077831473,1.3879398687454516,29,6,29.83794824710573,5,50.0,0,1,85,2381,1
deploy-01556,payment-service,134.05884718227622,0.20711723280505684,7,4,60.99663261871592,6,376.5268516090224,1,5,78,1951,0
deploy-01557,inventory-service,369.84079360971623,0.12817281871772862,10,9,71.09258068036685,0,310.6432693397195,3,4,68,2557,0
deploy-01558,order-service,432.8411143643024,0.0,33,5,47.844744577431655,8,396.41090229582096,5,3,60,2269,1
deploy-01559,order-service,491.0870849181756,0.41222177119230785,27,8,57.28374877814328,7,473.7647055710203,1,2,84,1654,0
deploy-01560,order-service,211.4922936261326,0.0,16,7,44.74675501241199,10,390.10754411682535,0,5,55,483,1
deploy-01561,payment-service,0.0,0.6101841422826235,15,3,59.508208138664706,8,309.6516947568573,1,4,52,586,1
deploy-01562,payment-service,354.5222260153863,0.5623329971975557,32,6,62.80161365180475,10,383.6998849394565,4,4,14,2897,1
deploy-01563,order-service,228.07255652902512,0.3155220024835572,8,9,68.4397749985241,1,143.60677137730087,1,1,56,2635,0
deploy-01564,order-service,214.8130437509147,0.6707803266985684,25,5,93.00357071588745,3,336.9678180784282,0,2,61,2919,1
deploy-01565,inventory-service,240.2335192968585,0.0,12,8,83.62998309551483,11,204.81667094105296,3,1,29,607,1
deploy-01566,inventory-service,0.0,0.4299643651363726,33,9,48.491236956224384,0,295.5690801473448,3,4,94,725,1
deploy-01567,cart-service,0.0,0.508159191915569,21,2,55.0384034500337,0,535.7984796182247,3,0,5,2725,0
deploy-01568,order-service,620.4805685451028,0.12086969414750381,1,7,46.143485634349865,10,484.3987429640955,2,1,72,249,0
deploy-01569,order-service,241.4869116076061,0.9436462890157182,22,3,75.230706448672,7,295.03414828660044,5,4,56,2649,0
deploy-01570,payment-service,309.41228687896614,0.7965564200368619,14,6,62.435797269939506,2,482.79559676154776,5,2,19,556,0
deploy-01571,payment-service,240.05972550384558,0.5857578099126329,24,4,42.0171642493115,6,80.95402414318005,1,2,42,2652,1
deploy-01572,cart-service,205.39089870877518,0.4165333791491927,21,1,100.0,4,318.46755106213493,2,5,75,1977,0
deploy-01573,inventory-service,33.52780939943199,0.28752298627229755,10,7,81.08192784330897,3,326.65383706117996,5,2,67,124,1
deploy-01574,payment-service,3.6312930860591734,0.2505372953513998,28,4,13.781863641363884,1,98.70523261387427,5,3,62,1599,0
deploy-01575,order-service,0.0,0.5487342007618484,24,9,62.57768105821239,5,50.0,1,1,78,2899,1
deploy-01576,cart-service,582.496960461258,0.011167019314203552,8,6,44.25227998695593,0,94.59969776295983,2,2,54,2491,1
deploy-01577,order-service,8.275595788562839,0.6175237608309329,15,5,69.807526711069,5,291.3609719360099,5,2,62,53,0
deploy-01578,order-service,558.8381151199992,0.5128786030975174,34,0,70.11722731380137,9,151.31172985250623,0,5,61,2333,1
deploy-01579,inventory-service,183.22826061871584,0.11048017653396863,33,6,69.73985006798652,1,394.0627219165937,2,3,44,792,0
deploy-01580,payment-service,241.76250954367154,0.6193140322177673,30,6,63.18476113056462,10,399.5225530034836,5,5,63,385,1
deploy-01581,inventory-service,211.48898625919065,0.720439231311246,15,1,35.09711904846586,10,94.14040876016568,4,2,75,2128,1
deploy-01582,order-service,142.16663313603897,0.2064768636383211,2,4,35.58372374311361,4,322.6680145682418,3,4,67,1275,0
deploy-01583,inventory-service,60.20893736216286,0.0,31,5,66.57985935216803,7,172.391881347494,2,4,27,395,1
deploy-01584,order-service,458.471138483666,0.69667107591176,31,2,79.76557512193128,10,257.2993417586618,4,2,24,2097,1
deploy-01585,payment-service,382.25070045043276,0.5581466953612118,1,9,30.876804692516608,1,50.0,1,4,65,1252,1
deploy-01586,payment-service,18.895396488430492,0.3340795529113069,32,2,36.73452830870991,11,50.0,4,0,48,392,1
deploy-01587,cart-service,12.230066594294641,0.6372122391310078,24,4,65.33159370414916,9,205.2149181518394,5,4,81,458,0
deploy-01588,order-service,426.46801116306244,0.0,13,9,65.08318277562313,7,319.4586940633815,1,3,86,1023,0
deploy-01589,inventory-service,0.0,0.0637257172969638,24,7,48.549046270730074,9,286.2438463276075,3,3,40,2251,1
deploy-01590,inventory-service,123.26235358952022,0.2675233974114367,9,3,76.8306009105745,4,422.0219547453638,5,3,40,771,0
deploy-01591,order-service,163.75954146938122,0.2457363810408625,23,6,38.57211672298838,3,335.7955028870587,5,0,52,442,1
deploy-01592,payment-service,66.07777397436125,0.6403041541760374,14,4,54.85459522381932,10,161.04215616354125,4,4,71,2030,0
deploy-01593,inventory-service,182.48203970302654,0.12354625920883988,10,4,52.76790200111169,2,152.087903337844,4,0,98,2301,0
deploy-01594,cart-service,201.3383354930954,0.331141345476594,31,4,28.806239941819783,7,50.0,3,2,5,2732,1
deploy-01595,inventory-service,0.0,0.3650815396140283,32,1,60.656480106717964,7,233.8745732003698,2,0,64,1890,0
deploy-01596,cart-service,260.22081558700694,0.5510190165482585,33,6,58.078705905458726,7,387.57563278474936,1,3,38,146,1
deploy-01597,cart-service,423.7432722659822,0.6152140290809462,22,5,75.17957269104613,2,152.454565252408,3,3,62,2837,0
deploy-01598,cart-service,268.1469808649367,0.05612211288082258,8,2,70.41551220530667,1,301.4780690343665,5,5,13,1847,1
deploy-01599,inventory-service,57.21659631128121,0.3702653752003635,34,7,90.12314987463554,9,397.67844594923304,4,5,16,213,1
deploy-01600,inventory-service,248.44517549274528,0.6579656439322986,18,4,49.42392343048418,0,148.3435363980907,0,2,79,2441,0
deploy-01601,inventory-service,238.88938156773025,0.0,23,4,61.31428365494745,1,277.2916642764909,4,5,69,2994,0
deploy-01602,cart-service,140.44720618070724,0.3358729849846206,25,2,70.05435242355703,1,489.785592671711,0,5,59,982,1
deploy-01603,payment-service,0.0,1.3027381233121769,8,3,90.8076612154607,7,412.6234035116297,5,1,85,2336,1
deploy-01604,cart-service,108.01042228286045,0.1633557651822431,17,4,47.05647117188502,3,200.65265623719958,1,3,13,1363,0
deploy-01605,cart-service,145.28001595152512,0.3241305640757357,34,2,74.08909976998135,1,94.92044759892048,5,1,61,1578,0
deploy-01606,order-service,428.3383053297451,0.1698029735393069,25,1,69.56102994050485,11,50.0,4,1,27,1603,0
deploy-01607,inventory-service,160.92564545365755,0.893524412302078,34,6,70.44183486351481,4,413.89881334570197,2,0,33,1091,0
deploy-01608,inventory-service,246.09232578959515,0.8215821105783817,14,8,36.385254847989145,6,50.0,5,5,12,575,0
deploy-01609,order-service,0.0,0.17179480316293372,19,6,78.16694571704437,2,135.46035135580956,4,4,91,504,0
deploy-01610,order-service,147.99454608578765,0.03365687555344565,26,4,70.28676936756003,10,57.91801336189428,2,3,43,2169,1
deploy-01611,payment-service,90.09202561307448,0.0,32,3,71.21559913659826,10,115.50511227017827,4,0,83,1319,0
deploy-01612,order-service,12.715953540350853,1.0006148923657454,3,9,97.47424391116574,3,251.5313929844132,3,3,36,1429,0
deploy-01613,payment-service,140.10572761808345,1.0163177943684933,18,2,91.61962888095368,0,50.0,0,1,10,1390,1
deploy-01614,cart-service,95.44935583617595,0.7366605315206688,19,3,50.73710997908464,1,144.80496637271605,5,0,86,1916,0
deploy-01615,cart-service,416.83211629442087,0.6959338647307776,27,4,77.12155917415348,4,50.0,5,3,11,2301,0
deploy-01616,cart-service,427.9006299962016,0.7537789503088423,32,3,62.199387080924616,2,311.2632529357857,1,1,66,2501,1
deploy-01617,payment-service,305.0259583128597,0.3402935536886142,19,5,63.47837407100002,7,371.79977691777617,3,0,80,1013,1
deploy-01618,cart-service,351.335763183218,0.7157661059436042,19,8,87.29944071213092,7,141.3880657187769,1,3,73,155,1
deploy-01619,order-service,131.36075908268842,0.640762000987145,26,5,43.01263193502617,10,50.0,5,3,6,507,0
deploy-01620,order-service,552.1616332270348,0.6671618258760632,19,0,100.0,5,50.0,5,0,78,2229,1
deploy-01621,cart-service,0.0,0.4184140450786438,10,7,48.13519350824898,4,50.0,0,3,85,2323,0
deploy-01622,inventory-service,268.2613788016407,0.6583422290046057,32,3,46.4549271079248,5,270.47379910085886,3,1,15,837,1
deploy-01623,inventory-service,0.0,0.5872362240626119,30,0,61.99685925017372,3,321.2984309318183,0,2,89,1145,0
deploy-01624,payment-service,530.8020533804764,0.8701938996175542,20,9,67.62411891760392,9,99.13851461575393,4,1,71,846,1
deploy-01625,cart-service,15.748963739514807,0.8200651650450517,16,9,68.63264923056703,1,243.58216395620948,5,3,84,1874,0
deploy-01626,inventory-service,28.195715057644975,0.5512762186156228,28,4,62.43121562197929,10,461.3375402682152,2,3,5,2296,0
deploy-01627,inventory-service,365.6716759018512,0.48706047872876246,31,6,31.903137699841572,7,115.01399361838676,1,4,98,1813,1
deploy-01628,payment-service,52.9213741781616,0.15878285825744937,24,6,93.22811612958841,7,232.08388426847534,1,0,79,1739,1
deploy-01629,order-service,166.64768589038943,1.0836152829176595,32,5,44.03956237452746,0,50.0,3,4,12,2828,1
deploy-01630,payment-service,297.3425228778999,0.0789422948724482,13,5,58.23393565120057,4,507.7583443418305,2,4,80,2547,1
deploy-01631,cart-service,144.50430490810345,0.5709260673216129,15,7,83.09919897168098,6,329.64899172768537,2,5,59,1203,1
deploy-01632,cart-service,79.21333602245558,0.18968435897576058,12,3,81.5940123146031,0,110.57874669062213,1,3,64,132,1
deploy-01633,order-service,0.0,1.030836409915496,8,4,23.530672866826166,1,488.781945373242,5,4,81,843,0
deploy-01634,inventory-service,590.6258475077665,0.12681634404335468,21,7,70.358382487003,2,50.0,1,4,17,939,1
deploy-01635,inventory-service,183.11213439833452,0.29513531442999874,6,6,49.76377234880695,0,162.9641020708859,4,3,58,2807,0
deploy-01636,order-service,21.498244373538625,0.031962172610100203,20,2,100.0,11,95.84421944551784,4,4,27,51,0
deploy-01637,inventory-service,376.3635952737542,0.609060518030209,3,4,76.78759899332661,8,384.09224827089804,2,5,56,1383,0
deploy-01638,cart-service,66.19404799032385,0.7465592146320401,13,8,100.0,4,104.92622249855663,5,0,33,1813,0
deploy-01639,order-service,261.50969671245105,0.0,14,8,69.121190303722,4,272.8289322657857,1,0,2,1272,0
deploy-01640,inventory-service,213.66665724092456,1.2276313666249725,9,3,53.65440401023474,4,530.6354193170832,4,4,16,760,0
deploy-01641,inventory-service,0.0,0.32294474847115295,16,1,88.61055830257813,4,344.41024180930975,0,4,41,1420,0
deploy-01642,inventory-service,247.07705156284726,0.5978811377042738,16,1,86.08871615210654,2,517.1245823142128,3,5,53,100,1
deploy-01643,order-service,118.72355896274993,0.6767940722929207,2,0,85.07873211942737,6,305.63538171673315,4,1,26,2394,1
deploy-01644,cart-service,485.10132754048,1.13421485707667,1,0,67.37527593667237,5,50.0,0,2,6,983,0
deploy-01645,payment-service,245.36233666611994,0.14401621782237095,13,4,78.32136380622113,10,403.2953033173146,2,0,88,184,0
deploy-01646,cart-service,350.375260454437,0.5662348173489957,19,1,59.419152648731355,4,402.3484093821909,1,4,50,2140,1
deploy-01647,order-service,0.0,0.9227865334646687,29,7,61.01139973360723,6,157.0719034469353,1,0,45,2173,0
deploy-01648,order-service,347.22111118585156,0.23679112596039723,22,7,26.90702428992111,10,50.0,0,5,65,2732,1
deploy-01649,inventory-service,277.1052359255764,0.5549187021518827,7,0,77.02227562861378,10,105.11432625623416,5,1,74,2573,1
deploy-01650,order-service,236.18093353935458,0.0203578438287359,4,5,44.637001299941176,5,300.6946290508571,1,5,64,1307,1
deploy-01651,order-service,267.25105351558227,0.16450979844282043,6,2,49.609300403186,9,220.13926180338024,4,2,30,2595,1
deploy-01652,inventory-service,417.16556134453367,0.6072407809091083,12,9,56.2556926627781,9,107.96115159146714,2,4,39,777,1
deploy-01653,payment-service,385.04918934592297,0.5047521339237241,23,8,45.17851427950686,5,112.40216084211471,5,5,18,45,0
deploy-01654,inventory-service,203.9762535475039,0.2928865865908341,2,7,43.72210200454249,4,412.99507231995074,0,3,8,1755,0
deploy-01655,cart-service,100.37290721719903,0.3779597259317283,4,9,93.29180335638225,11,66.68620183603744,5,3,52,1701,0
deploy-01656,inventory-service,44.721171459095046,0.896266141372039,30,9,85.88833277751476,10,368.241802123193,3,5,68,1643,1
deploy-01657,inventory-service,138.12620735787445,0.0,18,8,69.17496735627822,9,111.67241279348715,3,0,88,2666,1
deploy-01658,order-service,324.85877089545926,0.45093699462846193,22,0,91.9884339370391,6,252.3863927449427,4,0,79,1112,1
deploy-01659,order-service,215.8165712897387,0.7522768004426115,12,3,68.88876140107065,9,211.86786741132744,0,1,16,1593,1
deploy-01660,payment-service,431.0011590058428,0.5806033657083443,22,5,100.0,6,497.90173243276485,5,3,66,2490,1
deploy-01661,payment-service,141.32649944190393,0.0,22,5,43.332920837947206,0,311.2380742820486,1,2,96,729,0
deploy-01662,order-service,6.08591464627284,0.9922127356477914,29,9,69.16150952948588,11,155.25653200870735,5,3,5,214,0
deploy-01663,inventory-service,104.78744282165016,0.49060993905040484,16,1,70.90700793242108,6,424.98103019415794,3,2,59,1708,0
deploy-01664,inventory-service,33.600230507939784,0.7769241122580657,7,3,49.45272877212558,9,323.0421640745212,4,3,61,1694,0
deploy-01665,inventory-service,112.72279816999298,0.8350033024206025,2,6,84.17188161554691,11,327.4102806512052,2,2,19,337,0
deploy-01666,cart-service,52.74091205041785,0.7933569744009021,33,5,100.0,0,135.44182432114218,5,1,56,1806,0
deploy-01667,payment-service,390.92465235400584,0.42937638206820866,11,1,52.45325157765096,1,50.0,2,3,47,602,1
deploy-01668,payment-service,0.0,0.7321279619482162,23,2,56.99613576605496,4,240.50346207333112,2,5,87,185,0
deploy-01669,order-service,265.32136454443213,0.22515460513789665,10,2,84.14636749825262,2,353.30776204186117,4,4,92,1809,0
deploy-01670,inventory-service,84.02499780656073,0.0,16,6,58.765479740897774,2,469.34756999307376,1,1,79,991,1
deploy-01671,inventory-service,178.09143650527338,0.0019824389068855974,21,1,62.103578439807066,1,621.8701862088003,1,0,96,1124,0
deploy-01672,inventory-service,416.5287176577027,0.3059105969040229,27,2,46.57404367740207,7,113.52678621406673,4,4,37,2260,1
deploy-01673,order-service,135.88213428227942,0.47296429702601595,22,4,59.65980921816332,5,196.31828331336874,3,0,63,1513,1
deploy-01674,cart-service,299.7281134679156,0.44656621236809796,22,4,60.17388634633457,6,400.4667601506473,4,4,95,412,0
deploy-01675,cart-service,161.4293119880105,0.4606553732869611,23,4,53.8231668957728,6,364.7350832902391,3,4,25,1876,0
deploy-01676,payment-service,0.0,0.7401650727576606,10,0,45.31337792855429,1,299.8337993523728,0,5,7,2428,1
deploy-01677,cart-service,21.408632608983595,0.4310457975221125,20,8,81.39781542658028,1,377.1882631124264,2,4,20,574,1
deploy-01678,order-service,20.385514134839582,0.5798971109484241,6,2,67.54331122570066,5,181.02284235304649,2,0,44,1107,1
deploy-01679,order-service,1.6873559293660492,0.09428859845493648,1,4,83.63990786676975,9,77.35151368945432,5,3,87,2648,1
deploy-01680,payment-service,477.2541591120507,0.0,28,8,84.0516716926984,9,282.4685565180452,1,4,35,652,1
deploy-01681,cart-service,75.89258011080258,0.28959338305797466,32,4,38.76141877573241,4,449.1677321699668,3,4,4,1545,0
deploy-01682,inventory-service,512.4453425565071,0.9949434674217446,7,6,58.68892623344962,0,325.10323772248285,3,4,68,755,1
deploy-01683,inventory-service,152.39199661602697,0.1876560523336271,23,6,60.491353013332336,7,393.1386872120288,4,5,52,1106,0
deploy-01684,cart-service,68.53242987049781,0.5155110402153247,15,7,40.77798819480137,5,110.58288735218349,1,3,46,994,1
deploy-01685,order-service,11.780004538164178,0.3248411800845801,32,8,81.17769952075135,1,226.85810859734437,2,5,47,2054,1
deploy-01686,cart-service,0.0,0.4263711356552298,20,2,47.94182394147734,7,230.88175272433506,3,3,6,643,0
deploy-01687,order-service,111.05088304170451,0.3708912447222708,19,5,52.48107576986055,11,325.26377101055124,1,2,70,854,1
deploy-01688,inventory-service,238.0591473473441,0.0,20,0,72.31601466187392,1,258.3498105264201,3,1,98,2014,1
deploy-01689,order-service,492.93018637991514,0.20729680285878305,29,0,85.90085086522909,10,238.27824972838414,4,4,70,1709,1
deploy-01690,inventory-service,178.94724193331072,0.02409599231218329,11,8,51.951661512072626,11,389.27797762039063,1,1,98,2860,1
deploy-01691,payment-service,494.9075028550743,0.5944892075047539,13,1,73.15194110843268,3,321.30438754963035,3,0,68,1748,1
deploy-01692,cart-service,461.1970176092142,0.0,8,6,66.73442747063059,5,401.9079728738053,5,3,35,661,0
deploy-01693,payment-service,162.0352697585543,0.630479616137382,28,9,78.15463444305341,3,240.1453917039334,0,0,59,2067,1
deploy-01694,order-service,0.0,0.17697325624974186,31,1,52.658502920439204,4,429.59721014308354,4,4,7,2392,0
deploy-01695,cart-service,202.69727466650602,0.7504520595287689,9,7,33.53170693178892,9,254.30471636190907,5,3,45,616,1
deploy-01696,payment-service,207.04896461400568,0.40401206304823656,1,0,47.90590994720879,10,291.95611125774445,0,4,24,2377,0
deploy-01697,order-service,295.15397031582864,0.0851448379787465,32,1,46.77136874273096,4,264.483211944975,2,5,95,1854,1
deploy-01698,order-service,358.79275533323437,0.3552901009492173,33,4,99.83447657400306,10,225.23205247413773,4,2,40,2772,1
deploy-01699,cart-service,221.30484525674427,0.4429994794286504,12,6,34.23067309926026,2,162.1956543095489,2,2,61,1085,0
deploy-01700,cart-service,333.9125670799177,0.5861802719321114,23,2,55.89201038318705,0,135.36277840224272,3,5,23,148,1
deploy-01701,payment-service,0.0,0.5214570553633394,7,6,63.5651882522052,7,214.18318266270109,2,3,14,971,0
deploy-01702,cart-service,308.854511496367,1.007788815315949,4,2,32.981104585459526,2,247.83546164197628,0,0,55,2481,1
deploy-01703,payment-service,393.0060721303153,0.5674119192503742,21,3,79.47057693457612,8,275.4223865249445,5,2,16,908,1
deploy-01704,payment-service,155.68553413690546,0.0,25,6,92.95940483168079,1,63.782205617151135,2,2,3,2988,1
deploy-01705,order-service,104.67824924280298,0.6783855604446587,28,1,87.03518522658554,1,82.27283569455287,4,3,88,2994,1
deploy-01706,inventory-service,153.17148064799173,0.18685513434140283,6,1,42.96440226850362,6,251.7535609997303,3,0,56,1876,0
deploy-01707,payment-service,162.28811592175424,0.22765191254720138,5,3,72.25696493246451,5,271.2734762679409,2,1,17,2861,0
deploy-01708,payment-service,332.37585328630087,0.5393781411881957,4,4,69.6845938289234,1,301.671621508758,0,3,85,2800,1
deploy-01709,cart-service,93.95394737273823,0.26213466505000294,18,8,30.181702324865142,9,351.6099820538806,5,2,91,2248,0
deploy-01710,order-service,172.2417255258581,0.7420467347963022,24,8,53.387450014672446,7,216.1236833990303,3,5,26,761,1
deploy-01711,inventory-service,419.0482293656937,0.6043042712568114,33,0,52.29986941625717,7,448.6983514822948,4,4,52,2169,1
deploy-01712,inventory-service,173.0926297070581,0.4551824563805919,13,8,69.55582600244422,11,252.5021768321157,3,3,44,939,0
deploy-01713,payment-service,0.20453291365333826,0.9296954824916445,2,9,97.75494918409545,0,50.0,1,0,9,2407,0
deploy-01714,inventory-service,252.49278620141934,0.4734515196301684,4,6,52.521554184341845,9,244.80910007040998,4,3,31,1458,0
deploy-01715,order-service,87.92185526707588,1.0719327949933677,2,0,72.18864843798835,8,214.1065042185393,3,1,81,2055,1
deploy-01716,inventory-service,224.1258677974073,1.055203630040223,19,8,35.92975042951009,6,122.98056072296653,3,0,65,1228,1
deploy-01717,inventory-service,474.189752370206,0.4486981172192372,2,8,88.07612260497135,11,439.4536865171535,5,1,33,2674,1
deploy-01718,cart-service,0.0,0.6472159990403634,11,6,93.8217446075866,6,140.38623355711528,3,3,57,1582,1
deploy-01719,cart-service,186.31312261408425,0.5241122905539858,30,2,89.40575049168632,8,136.55013689595427,0,2,14,126,1
deploy-01720,cart-service,184.11781749500358,0.6177621293408508,12,1,64.8208420720583,1,312.7655391863697,1,3,56,524,0
deploy-01721,payment-service,500.2054147728907,0.04368480455006424,26,9,88.15826458570228,0,50.0,1,4,87,2046,0
deploy-01722,payment-service,79.58740007092334,0.3350010264435325,33,2,55.184459144864654,7,198.32871209763314,1,4,57,2934,1
deploy-01723,order-service,147.35698091210102,0.31411869763111244,12,8,69.18553401558253,7,171.39231593224514,0,0,58,2434,1
deploy-01724,cart-service,379.28031292684176,0.3883693062041297,26,0,74.531491685325,4,332.4720670556983,1,0,59,856,0
deploy-01725,order-service,162.81199130410667,0.21207826686148204,11,6,72.5028885861422,1,142.5277914819191,0,4,68,2655,0
deploy-01726,order-service,191.67127255859236,0.0,34,1,57.52781910216018,1,334.0739057647536,4,1,23,2486,0
deploy-01727,order-service,375.8235846749319,0.8179504028110633,4,5,65.34281335946403,3,433.41602312234716,0,2,66,1304,0
deploy-01728,order-service,45.466351563879215,0.0,21,1,16.050322969578666,9,87.231228281325,0,5,44,72,0
deploy-01729,order-service,27.37336334456424,0.7525817198858755,26,7,70.41467420270318,3,77.94114446913113,0,5,28,1261,0
deploy-01730,payment-service,85.88800284760808,0.18368028206736886,6,9,98.56657700923904,9,167.1079063418142,3,0,5,1492,1
deploy-01731,order-service,157.20612797681693,0.8594350579966824,19,5,77.64835444261809,0,149.81752753186112,0,4,28,1552,1
deploy-01732,cart-service,319.4227217769171,0.7118086826888749,2,7,55.56752660010429,3,489.8721376722481,1,4,78,830,1
deploy-01733,cart-service,199.61801462903708,0.3927564517058698,34,5,71.75593749273983,4,241.49662788538427,2,5,99,1429,0
deploy-01734,inventory-service,181.44445058349774,0.6916158517516153,33,8,85.3807656003322,1,387.39987216075156,1,0,24,2969,1
deploy-01735,payment-service,143.5332189694772,0.3211764993326667,14,0,92.49729611416495,5,96.09393114305837,4,0,34,2998,1
deploy-01736,inventory-service,46.48267389016635,0.05241332656182984,17,3,50.98530839034743,10,163.87613558704408,5,2,81,2066,1
deploy-01737,payment-service,183.99222333598672,0.6387384030903288,25,6,43.573408034125976,8,202.3049348094429,3,5,90,2214,0
deploy-01738,inventory-service,244.78701608367615,0.24778990023241945,29,3,69.88941212737814,2,482.41299306096664,4,1,88,2919,1
deploy-01739,cart-service,450.4446225873163,0.5638632573057392,27,6,79.36351245389478,0,224.02506965013393,3,1,46,1560,1
deploy-01740,inventory-service,7.701323904075082,0.0,13,9,34.40923562380459,10,146.2252637399771,3,4,6,1025,0
deploy-01741,order-service,222.21755074018083,1.040387404096581,21,1,64.22561387045872,1,443.6136191617714,0,4,92,1607,0
deploy-01742,payment-service,0.0,0.23171355771259075,15,0,91.03985369482243,3,315.62270490030636,0,5,49,2828,1
deploy-01743,order-service,0.0,0.3637901967462189,9,5,73.01671753717346,11,282.8239943441555,0,0,12,2112,0
deploy-01744,payment-service,192.75599458105654,0.5843600315425757,13,8,67.95838679818294,11,470.3490724348425,2,2,51,168,1
deploy-01745,payment-service,409.80769722525343,0.0,32,8,54.10826358813875,1,169.75555675937647,4,3,36,2699,0
deploy-01746,order-service,269.2971251046414,0.5264999372458975,22,9,58.52062575237541,5,354.05649286939865,3,4,32,1850,0
deploy-01747,cart-service,328.0802992995042,1.3867777673394512,4,9,63.22511726729437,4,113.24810689796956,3,4,16,2330,0
deploy-01748,payment-service,382.67011915846865,0.0,7,2,62.29767984149302,5,123.61614262067326,4,5,4,2847,0
deploy-01749,cart-service,74.51996598657558,0.26130297461247465,1,2,85.28483141470849,4,470.61181982331857,4,3,86,817,0
deploy-01750,cart-service,246.33729129930362,0.9140466890809442,33,3,60.31004512575585,2,300.8784803691466,1,0,43,2228,1
deploy-01751,cart-service,51.32260543260949,0.0,22,0,74.17965800892131,9,232.6188853812647,2,0,22,1914,0
deploy-01752,cart-service,0.0,0.23028213698065636,3,6,55.07416204232439,0,346.4224862750529,5,4,27,474,0
deploy-01753,order-service,181.61637545560407,0.0,22,7,37.98163046056146,2,227.7242807558374,4,1,49,755,0
deploy-01754,payment-service,0.0,0.23112770420375192,20,6,77.13318235918572,2,224.79933729266088,1,4,16,1960,1
deploy-01755,cart-service,176.07458632243817,1.1056839242847094,5,6,90.68962486839399,7,498.1786056468741,1,4,42,1685,1
deploy-01756,payment-service,60.01645042917738,0.3141060795329177,2,2,46.067537501608356,8,416.5011751163447,2,3,10,1887,0
deploy-01757,payment-service,0.0,0.036829961976168446,30,5,86.1394453036187,0,316.0620531609694,1,0,68,801,1
deploy-01758,order-service,84.25988240546361,0.7420519540566936,25,8,48.17226434048446,5,145.83317565501883,2,0,39,1802,1
deploy-01759,order-service,2.2521578029908937,0.913818638028882,20,2,51.038123502053054,8,184.9833313070384,5,2,75,696,1
deploy-01760,order-service,25.268878917292028,0.20930472924496082,4,4,74.4907337027796,2,404.3226668766174,4,2,43,1331,0
deploy-01761,payment-service,220.5902436051045,0.5299884166939947,8,7,79.35116825255331,0,381.03494764505155,2,5,74,559,0
deploy-01762,cart-service,117.74089720315413,0.0,33,5,55.76297238132577,11,552.1212385461133,4,3,7,1501,0
deploy-01763,cart-service,0.0,0.7561016103881365,29,1,100.0,3,344.23140946396757,1,1,73,1565,1
deploy-01764,payment-service,0.0,0.7686381519363319,33,0,84.05001079184132,3,270.3871603461345,5,2,24,1008,0
deploy-01765,inventory-service,333.3712677524216,0.19960626344354054,27,6,97.81696832445074,11,290.88338719895796,5,5,31,2689,1
deploy-01766,inventory-service,298.9930047950367,0.43730339001941515,27,7,40.83648628637662,2,440.03860984550124,4,2,4,2845,1
deploy-01767,payment-service,92.49895616085284,0.1732445299308763,29,5,59.153166535849735,0,65.34574950905827,1,1,13,2012,0
deploy-01768,payment-service,392.9859567568454,0.0,3,6,46.77052997087394,0,289.6787860162381,2,4,4,2586,0
deploy-01769,order-service,128.81447528759261,0.4813729762155906,19,1,73.77524967042642,7,249.78930884765276,5,5,4,539,1
deploy-01770,cart-service,294.3728175487242,0.4611013465352336,33,5,88.88287785079186,4,50.0,3,2,7,936,1
deploy-01771,cart-service,188.56044015751166,0.61026408286544,21,1,90.50150544316568,8,296.9637902012142,3,5,17,1601,0
deploy-01772,cart-service,124.03366770604192,0.2670307806727632,32,0,31.96789551578169,2,186.45587521117773,1,4,56,901,0
deploy-01773,cart-service,136.32509981980203,0.1297057894780938,1,7,62.96355565421197,9,184.93153074896355,4,2,71,1375,1
deploy-01774,inventory-service,131.15263893992034,0.6795142348863314,30,6,95.93474814561569,4,431.7593638168013,4,1,28,534,0
deploy-01775,order-service,320.42253257423476,0.22035907448491876,19,7,95.52646784495509,11,62.62276080509929,5,0,2,613,1
deploy-01776,inventory-service,269.9602272619416,0.8862276483166697,4,9,100.0,4,361.9247850239361,0,4,64,776,0
deploy-01777,cart-service,0.0,0.585402590555211,31,0,14.49185438955233,2,198.39795383150437,3,0,48,239,0
deploy-01778,inventory-service,150.4808829206406,0.22804612096636723,28,9,92.85321296951125,9,327.4551160382763,1,0,22,2747,0
deploy-01779,payment-service,349.17675007212927,0.2974138326830323,24,1,75.60812918432886,11,50.0,2,2,87,160,1
deploy-01780,cart-service,355.5030495238624,0.12734548097280352,5,7,75.47823937499328,11,130.19996438394463,3,0,95,2967,0
deploy-01781,inventory-service,5.020884228935387,0.8075962641020398,17,1,29.691707231799377,3,115.79097165578077,2,1,57,1681,1
deploy-01782,inventory-service,0.0,0.28032791107800414,25,5,39.640410770214054,11,264.3171529914348,2,0,70,2216,0
deploy-01783,inventory-service,182.01071225294586,0.8943237726221316,8,7,68.5503418881418,7,170.68513638949196,3,3,57,1722,1
deploy-01784,cart-service,216.95397506961567,0.0,18,5,79.15119505091971,5,376.30494270613116,2,5,52,742,0
deploy-01785,order-service,0.0,0.9535566375101201,5,5,100.0,5,575.0271183255874,2,5,44,1494,1
deploy-01786,order-service,291.6020568728918,0.4842226500440463,33,5,63.21932621750457,10,277.70582425115583,4,2,41,1613,1
deploy-01787,inventory-service,380.8519219672928,0.6711055271052047,14,7,92.78440735312483,8,433.8357284072705,0,1,53,440,1
deploy-01788,cart-service,391.00816909014065,0.2833276554989772,3,2,67.40751694338086,0,63.561096488764264,0,0,57,2851,1
deploy-01789,cart-service,73.21075017484654,0.6747865977818267,23,0,22.182332587274367,10,670.1026671014931,0,0,45,1980,1
deploy-01790,cart-service,212.72721206228832,0.08281640268203766,5,6,88.69135081782507,8,50.0,2,4,37,941,1
deploy-01791,inventory-service,17.734564585555546,0.054464300092935014,25,3,49.62882731795797,6,250.9570985491823,3,2,72,869,1
deploy-01792,order-service,60.63251047432172,0.6751910649377657,23,8,55.08765375890043,1,471.9990548646283,5,2,69,586,0
deploy-01793,order-service,297.49682737888713,0.44977827609348237,15,8,60.117597630334224,9,50.0,5,5,21,2870,0
deploy-01794,cart-service,293.0202775320993,0.0,26,4,15.47576800557237,0,229.84762062525607,0,2,9,1022,0
deploy-01795,payment-service,0.0,1.3406683704632343,23,1,43.33673894128608,1,149.52468086004257,2,3,21,452,1
deploy-01796,payment-service,495.3853892176029,0.298651969595763,9,7,85.43960388655661,9,429.27284570675175,5,0,30,2677,1
deploy-01797,cart-service,146.67829343790467,0.8319389622754936,4,1,63.27025757979837,3,504.8709164394936,2,0,22,1309,0
deploy-01798,inventory-service,285.80715538960123,0.5509686340630132,34,9,56.712576961375774,5,241.28905309911195,3,4,53,1224,0
deploy-01799,payment-service,162.20821954527844,0.3597527442754415,12,5,43.77746063744391,2,299.71392683000533,1,2,91,967,1
deploy-01800,order-service,178.98155444369542,0.5664527378811894,15,0,82.6829306963088,3,204.17803851435926,4,5,97,1956,0
deploy-01801,payment-service,233.88394825239988,0.6141607315446611,28,3,43.62457803828959,0,50.0,1,1,91,2582,1
deploy-01802,payment-service,40.45226807942956,0.8652543402419316,16,6,60.29812196233435,4,468.1036604537902,5,5,4,2716,1
deploy-01803,order-service,416.1550064150945,0.3281155795611961,34,2,27.64700411617119,5,292.53026570539464,1,3,62,2690,1
deploy-01804,order-service,81.7313435087042,0.0,28,0,77.81555234216003,3,309.10901336155536,3,4,14,1440,1
deploy-01805,payment-service,98.43963045206665,0.7848162918637094,26,4,53.86083779653256,6,50.0,1,4,67,1319,1
deploy-01806,cart-service,316.2566220946625,1.013902356089447,34,6,86.41952793640414,5,254.00034894278366,4,1,36,391,1
deploy-01807,payment-service,183.27325712501118,0.1338748719722131,1,4,53.787462034267286,9,403.4065623728318,0,4,3,1391,0
deploy-01808,order-service,177.6949406147812,0.2626313797960981,17,7,47.992233998827196,10,375.6681632981289,3,1,37,1937,1
deploy-01809,payment-service,178.4192378483916,0.36512129471154575,4,3,23.530715686511414,9,70.20314489639208,5,2,83,309,0
deploy-01810,payment-service,224.15864402474477,0.4990928365488778,27,7,66.5878592932733,4,327.1674189161589,5,0,13,196,1
deploy-01811,order-service,374.224708097437,0.8812068962516137,26,7,70.71136830865834,4,254.74209322866187,5,4,60,658,0
deploy-01812,order-service,161.59096364816685,0.9442780600822721,18,7,51.27027717026831,5,372.74885726335276,4,4,9,2475,1
deploy-01813,order-service,96.25062968694151,0.8050062905133233,8,3,90.92431363077723,7,246.24749157722255,2,2,44,1392,1
deploy-01814,inventory-service,107.46067841052158,0.6997119663413229,19,3,86.25338279199397,3,278.7251447806187,0,5,47,774,0
deploy-01815,inventory-service,160.204127760077,1.2395103366966576,6,5,81.3346783079692,5,297.6013697866562,5,1,80,1655,1
deploy-01816,order-service,152.66300391293808,0.2750783044021986,10,7,33.883026263555976,9,50.0,3,3,25,1623,0
deploy-01817,payment-service,329.6937946774102,0.35199496919777906,23,2,85.99503598553268,9,50.0,1,3,93,608,1
deploy-01818,inventory-service,42.9763371389063,0.2256761066705766,3,6,85.8842694642884,1,327.0467433718554,0,1,5,510,0
deploy-01819,inventory-service,104.94969484702693,1.113985332113469,30,8,27.533914053852783,11,307.40496312004063,2,5,16,1500,1
deploy-01820,order-service,331.6972113122554,0.8743436508725537,17,5,33.21977555581324,2,50.0,2,0,70,650,0
deploy-01821,order-service,219.03687795406603,0.4301276030014397,9,0,75.26345579569809,4,222.07922415194705,2,5,56,2042,1
deploy-01822,payment-service,158.75354257933574,0.761982570278683,18,6,47.32599650286389,7,298.3004835307798,2,0,8,2723,1
deploy-01823,cart-service,293.54906342069046,0.0,2,3,59.50680230384715,0,467.176783027042,2,0,11,2433,0
deploy-01824,order-service,36.1188225362915,1.3164288931534336,2,1,66.46558145322905,9,268.98637034127546,4,4,39,891,1
deploy-01825,cart-service,0.0,0.25155299442338974,18,9,76.7644585462587,2,432.7050027737806,3,1,74,728,1
deploy-01826,inventory-service,180.56175379424147,0.0,4,1,56.12972644050715,11,193.56555829472742,1,5,60,1115,1
deploy-01827,cart-service,106.68866252921497,0.12528917924775274,5,2,63.53330501999541,9,240.4641988967266,1,3,13,2342,0
deploy-01828,payment-service,88.35509199079117,0.3028437469073899,16,3,94.59119291276528,0,205.0070300525524,4,3,21,351,1
deploy-01829,inventory-service,119.16611723752445,0.3531308146116303,1,6,83.41592955186549,1,310.59815849101085,0,5,59,2429,1
deploy-01830,payment-service,368.4852349656659,0.06107652519913115,15,2,54.74829738944786,5,197.3552617646536,2,2,61,2121,1
deploy-01831,order-service,83.56918116258088,0.5715607848446314,29,6,85.00489124833517,9,582.8071696776097,5,0,68,2362,1
deploy-01832,inventory-service,176.58459270150468,0.06642235327614426,8,1,87.9630530185843,1,437.6961993733074,4,3,14,2008,1
deploy-01833,cart-service,104.12008675739442,1.1562549835189253,26,7,42.415678305931316,6,267.59234403605717,4,0,26,1118,1
deploy-01834,cart-service,0.0,0.47867453929560816,32,0,64.51819495604722,10,197.76090696328558,0,3,52,1080,0
deploy-01835,payment-service,62.58271015331384,0.7507382399266226,14,0,63.6165334110682,3,94.03477763927657,4,0,68,2391,0
deploy-01836,payment-service,0.0,0.21380332944344652,6,5,46.85788124594477,2,188.02363252904425,0,5,79,1147,1
deploy-01837,order-service,128.13911014765955,0.0,4,8,44.086850894046535,5,442.1879250142573,2,3,56,1632,1
deploy-01838,order-service,1.234290928465441,0.5429037482698001,17,9,73.24764584040976,1,193.78484060686256,5,1,17,1894,1
deploy-01839,cart-service,224.19303070556214,0.4884061887321372,8,2,74.88551338566154,1,188.02030705366064,3,5,98,596,0
deploy-01840,inventory-service,459.8469872919953,0.632215156934846,28,2,100.0,7,281.05301924197266,3,5,94,2108,0
deploy-01841,order-service,52.08186729399333,0.837249382088981,29,6,62.7950842604701,7,411.00592301959443,4,0,91,1756,1
deploy-01842,payment-service,224.05245595123506,0.20760172035223454,33,5,59.58853749702266,2,417.4775929375708,4,4,47,1821,1
deploy-01843,inventory-service,117.53980885263087,0.5683276467508029,9,9,69.35563025639874,10,241.9482842144471,0,1,57,133,0
deploy-01844,payment-service,175.854830110028,0.5327313621245284,34,9,71.91744735225906,5,478.80965033118844,3,5,39,2948,1
deploy-01845,cart-service,143.45247350539273,0.3273546253464077,17,9,72.15986514179961,5,126.95585465120976,2,3,10,2581,1
deploy-01846,payment-service,241.9022524685095,0.6811698284093742,6,4,72.51361845045663,4,347.8832053620302,1,1,41,1940,0
deploy-01847,payment-service,316.4162203127403,0.3353516927936131,15,8,29.005113364692072,6,413.8334860852087,1,2,15,1483,1
deploy-01848,inventory-service,0.0,0.14567725445156604,15,8,78.26415259652842,1,501.8518671845536,3,3,21,1097,0
deploy-01849,payment-service,557.5745554007704,0.7149057533970604,32,3,60.220288256402114,11,249.7526976401881,2,0,87,2714,1
deploy-01850,inventory-service,103.92624104129044,0.467142514376163,11,3,70.71957958258773,6,292.68726183266756,0,4,69,1961,1
deploy-01851,cart-service,187.92100840802584,0.8343446135912023,24,5,100.0,10,239.1214612318389,0,2,65,1049,0
deploy-01852,cart-service,112.99988733414047,0.24856974255354916,11,4,73.36694645905817,7,275.9216035945863,4,1,39,330,1
deploy-01853,cart-service,258.2468710673214,0.6817909565196412,14,1,64.97066212922384,0,307.5342911376737,4,2,1,750,0
deploy-01854,inventory-service,3.3623152470612183,0.2514120384865185,1,6,42.33506428629848,10,143.3821792876286,1,5,96,1436,1
deploy-01855,payment-service,52.221744369561364,0.3807919696336601,20,6,76.47861230732856,11,452.6725929658619,2,5,47,2071,1
deploy-01856,order-service,259.4615814500835,0.7549168199400877,23,0,86.38079183257891,7,384.47329355108263,4,3,31,871,1
deploy-01857,order-service,24.44103153324386,0.4736718250187324,9,9,54.409619268643894,1,232.69991769016127,5,1,30,1084,1
deploy-01858,inventory-service,205.2234913347154,0.5340157381107694,3,7,52.59885219759886,11,407.4735717298717,0,0,51,51,0
deploy-01859,inventory-service,163.57654592174697,0.9429156243541676,30,2,62.49601115768803,5,484.5503011542333,3,4,25,1398,1
deploy-01860,cart-service,130.88915184260657,0.43063850188766345,15,9,70.5318520361489,5,279.6082669467206,3,0,33,357,1
deploy-01861,inventory-service,12.383865716838045,0.8933598720380764,24,5,100.0,8,347.51841456434266,4,1,93,452,1
deploy-01862,order-service,404.1977102208073,0.0,31,1,81.0214298413464,6,123.22605290802687,5,4,26,1723,0
deploy-01863,inventory-service,0.0,0.11888943425605575,3,5,35.672430891770595,2,104.10082034579492,2,5,62,2736,0
deploy-01864,payment-service,287.70130276097893,1.1065174097414703,8,3,99.49496742149469,9,304.6636574751768,2,3,81,443,1
deploy-01865,inventory-service,268.4375244096932,0.6393875098993398,17,4,81.78154272928808,10,106.47295395655212,2,5,73,1803,0
deploy-01866,cart-service,226.1758965494125,0.37016883512947907,14,1,66.82819546322966,6,212.1995086803203,1,5,40,279,0
deploy-01867,inventory-service,276.8339392962018,0.21583736505487416,6,8,79.66935574702669,9,312.8890354798255,3,0,43,1754,1
deploy-01868,payment-service,288.9533689361258,0.11936503443654423,4,3,51.272052850052305,8,105.52181686899999,4,3,4,2058,1
deploy-01869,order-service,0.0,0.4402185451704129,1,6,77.87114730001959,2,374.03543483086105,0,0,17,591,0
deploy-01870,order-service,19.476148491348766,0.6527183325782265,18,7,60.78862073454115,5,160.15149308747243,1,0,87,511,0
deploy-01871,payment-service,337.45499672541393,0.567723931194945,22,7,17.843500092000852,9,305.1491489915912,3,2,30,1870,1
deploy-01872,cart-service,103.3155663490257,0.9874359020078887,2,0,60.01184186409485,10,457.94649177726933,3,5,98,2242,1
deploy-01873,order-service,86.45402672630551,0.0,20,4,43.99917117110935,9,200.63878462052227,4,0,77,2209,0
deploy-01874,order-service,171.07034731706068,0.2771382200916622,28,2,50.87625607748885,8,50.0,5,5,11,1168,1
deploy-01875,payment-service,251.21207698078354,0.6886041794138344,18,1,33.4840639216043,3,440.7394548592911,3,4,41,2777,1
deploy-01876,inventory-service,473.9600092906965,0.5377135966552059,16,0,40.80795855370552,9,244.61458726049852,2,1,37,902,1
deploy-01877,inventory-service,20.59257432463096,0.0077964970406416145,1,7,75.27586824770465,2,317.21220204625854,3,2,68,1652,1
deploy-01878,order-service,0.0,0.3242490442402842,27,0,10.0,9,197.98470601998898,3,5,33,2677,0
deploy-01879,order-service,231.80052951677652,0.5669394215442383,17,5,82.43617024482252,8,318.14191807817775,0,4,97,308,0
deploy-01880,payment-service,450.25407360127775,0.5259975131507515,26,5,89.20700864985889,10,145.91852514029335,1,3,4,2583,0
deploy-01881,order-service,191.7276319538052,0.0,3,5,56.49429589723449,0,420.5775090858949,5,3,21,2203,1
deploy-01882,inventory-service,135.47494335351396,0.623455889471521,27,5,79.44450309846724,5,290.0245904934609,3,4,68,1056,1
deploy-01883,payment-service,0.0,0.6211527842391248,21,1,94.22372754943366,11,358.9070399935314,2,2,57,273,0
deploy-01884,payment-service,0.0,0.9704603300204782,6,8,46.67775079350773,3,290.7035443993876,0,1,88,1784,1
deploy-01885,order-service,352.7528571240456,0.588385129713733,30,1,77.44655011961001,0,392.5405582504362,0,4,5,1127,1
deploy-01886,inventory-service,414.4402583500063,0.9631761509077585,5,5,39.213471375352455,7,622.3405381723619,0,3,32,1655,0
deploy-01887,cart-service,0.0,0.3063448131496661,33,0,74.25217536610373,7,410.8037014901662,4,4,89,2106,1
deploy-01888,order-service,300.12675725238074,0.28917290648157234,8,5,100.0,8,360.6012903389413,1,1,81,1131,1
deploy-01889,inventory-service,240.15161410140303,0.0,21,4,33.631271035600804,3,453.101360290339,3,3,18,1655,1
deploy-01890,inventory-service,405.23769344585315,0.47816646468634855,33,3,59.29499134804182,7,289.4450714150745,5,1,61,487,0
deploy-01891,inventory-service,0.0,0.5226105591295384,20,0,62.79897461115032,10,50.0,1,3,55,475,1
deploy-01892,inventory-service,137.09405228998557,0.678525236372219,30,3,34.821701580697905,10,312.4982097687986,4,4,56,1531,0
deploy-01893,inventory-service,190.73641256734297,0.9188743430598055,7,0,88.11052582099018,9,492.87811784835776,4,4,34,950,1
deploy-01894,cart-service,0.0,0.4154218918586472,9,4,79.80167707164937,4,117.90562528721159,2,4,39,572,0
deploy-01895,cart-service,390.3984616354639,0.3750611421679642,29,6,37.09086608266901,0,231.85198786163727,3,1,7,49,1
deploy-01896,payment-service,438.9550720155712,0.5368133706654638,21,9,83.57338198720899,9,339.52702391793684,1,0,19,1086,0
deploy-01897,inventory-service,503.2891775478623,0.0,22,7,84.76150429038788,2,127.18855952186826,0,2,48,990,1
deploy-01898,payment-service,23.330783976049958,0.0,23,2,35.008635879758856,1,487.732853159128,4,3,11,30,1
deploy-01899,payment-service,145.59023394019636,0.9489905322217598,27,4,68.11318603641882,5,160.00084199495433,2,2,94,1025,1
deploy-01900,payment-service,39.18018808773792,0.7908249206031763,2,8,54.08599756101764,0,394.48350094955083,5,3,63,2040,1
deploy-01901,payment-service,187.45347255629403,0.2611064815969839,18,5,45.10614364916903,11,238.06448059483182,1,5,2,1298,1
deploy-01902,cart-service,99.73170238700285,0.344368757508506,10,8,61.53281025785728,4,416.7179245649494,0,5,85,2735,1
deploy-01903,cart-service,81.2004890753616,0.0850712461961502,33,0,78.95243044865182,8,396.5643578337663,5,5,1,1530,0
deploy-01904,cart-service,372.5282371805098,0.42613568822595393,25,7,61.05362900578381,11,50.0,5,5,72,330,1
deploy-01905,order-service,296.04193840558156,0.43998718766118006,19,8,65.89785665245654,0,252.0282139190299,2,1,54,674,0
deploy-01906,inventory-service,149.1194215026303,0.7236141091265753,1,2,65.17287411231797,7,210.00405665354333,2,3,26,1138,1
deploy-01907,payment-service,183.6991729355456,0.3991355640509467,20,1,53.232132541855876,7,271.86135985585554,5,0,48,825,0
deploy-01908,cart-service,196.13380684945963,0.9991302223222809,19,7,100.0,6,257.4777112848809,3,5,20,142,1
deploy-01909,order-service,257.49926305253615,0.3574504794525558,4,5,60.304075262570194,10,131.61206591181758,4,1,31,1422,1
deploy-01910,order-service,366.2150592108102,0.13797003688545234,26,6,76.06330295191812,8,342.4465699377032,4,4,2,1473,0
deploy-01911,payment-service,70.63191072377181,0.18898624681975196,17,8,71.49466071644135,1,50.0,2,4,9,1814,0
deploy-01912,cart-service,505.23377826305267,0.6840743162132543,19,8,49.02645729564673,0,285.83365871167933,4,0,49,2539,0
deploy-01913,cart-service,396.71208009154896,0.37876672940999956,4,0,49.33743809885455,5,280.8384684872843,0,3,19,753,1
deploy-01914,inventory-service,72.0987717995954,0.9128132861366565,32,0,67.44101256458214,11,402.8389316750943,3,3,3,1326,1
deploy-01915,payment-service,49.71665446880996,0.6146301000144467,27,1,67.20895474290558,6,400.5071970559049,4,0,41,2669,0
deploy-01916,payment-service,130.97285158264634,1.0146450702510972,17,7,58.92195730157298,3,329.1972552236517,5,1,66,1005,1
deploy-01917,order-service,0.0,0.8963425885172183,29,4,64.5684516676946,1,354.1469541670232,4,1,65,1871,0
deploy-01918,order-service,51.34556349512104,0.0,28,3,87.17254394922332,3,428.52670692872675,4,1,11,70,0
deploy-01919,inventory-service,152.21777564191615,0.10776081113624303,3,8,38.95256893868798,8,220.44200846661653,3,0,99,2429,1
deploy-01920,order-service,21.42684477489084,0.4508616424556658,33,9,62.26264221266661,6,543.6145002876989,1,4,35,653,0
deploy-01921,cart-service,176.09718871372985,1.3263741016982784,11,7,72.22875606729644,5,125.74022273641899,0,3,97,1688,0
deploy-01922,inventory-service,458.9571141790868,0.3282972177738085,14,2,42.825819930751095,7,309.5537141566253,1,3,36,771,0
deploy-01923,inventory-service,0.0,0.7789004903811354,26,2,71.156337403254,9,279.29922475489053,2,1,28,2765,0
deploy-01924,cart-service,369.1161367552503,0.8071360559486924,4,6,36.24621454066221,11,414.4741323637931,3,2,82,1946,0
deploy-01925,payment-service,327.4580755443454,0.8651472902380684,9,9,49.748007985207536,9,436.15928875132045,3,2,11,1837,1
deploy-01926,inventory-service,187.66836020627744,0.3146788929725931,20,3,30.59020648184392,5,382.871520936308,4,5,67,1221,0
deploy-01927,order-service,107.6315454330534,0.9633087796140358,30,7,63.1695386628558,8,111.02875648430938,3,1,96,455,0
deploy-01928,cart-service,93.30870172572847,0.3383755845346628,25,0,38.66861656716318,9,297.3603048138922,4,1,62,1058,0
deploy-01929,payment-service,60.24596850171713,0.24452542884361975,5,5,69.94428355239943,6,226.66103612714284,2,0,89,1100,1
deploy-01930,cart-service,302.1874318871164,0.4280001814725042,4,3,65.41396380524851,10,280.3837593567217,4,0,68,2434,0
deploy-01931,inventory-service,434.3323742601052,1.2063003062996953,21,7,94.18830403705175,2,275.55253898870717,5,4,93,1420,1
deploy-01932,inventory-service,107.50523494618173,1.2517534804358954,21,0,83.1636444634332,6,223.23806044598004,2,3,25,1240,1
deploy-01933,payment-service,248.73269348290728,0.5301525903656704,34,4,13.278873791318453,2,411.1588162692422,4,0,55,1705,1
deploy-01934,inventory-service,316.3217284186105,0.0,25,5,58.12649028771032,6,424.75167809022645,5,0,82,2836,1
deploy-01935,inventory-service,106.40921697501065,0.0,17,3,35.71681800921135,2,50.0,3,3,6,2529,1
deploy-01936,payment-service,18.94061241938263,0.3389824526723513,24,0,63.743385157573776,6,50.0,1,2,28,2006,0
deploy-01937,inventory-service,235.73804992827002,0.7296943763593289,9,1,55.142866725922275,0,415.4615000183626,3,4,10,2913,0
deploy-01938,inventory-service,137.16363478958286,0.11454645042655365,15,2,56.83506183021268,9,161.01262114274277,3,1,44,2703,0
deploy-01939,payment-service,338.653650599144,0.33715297960538687,23,3,71.93301733677764,11,243.8943473594736,0,5,70,505,1
deploy-01940,cart-service,56.16812441191169,0.1781017618148769,18,9,73.5730243136655,9,203.03010335248237,3,0,28,2545,1
deploy-01941,cart-service,407.7290969633001,0.37685847093344516,25,0,87.76446120105254,3,497.88081799435804,3,1,59,425,0
deploy-01942,cart-service,329.28701963416563,0.9197106210105668,8,9,59.6044007052254,5,166.41011674218177,2,3,44,1455,1
deploy-01943,order-service,631.7784034867633,0.0,10,4,44.020434296556104,10,226.38446920086378,0,3,19,2787,1
deploy-01944,order-service,132.55553337170366,0.07201655979458854,15,0,70.62668741563817,5,315.27530069725753,1,0,35,77,0
deploy-01945,order-service,420.51609965134594,0.5804080230235547,20,8,56.67834720559172,8,219.87223207880032,5,5,34,617,1
deploy-01946,payment-service,145.32608481127963,0.21029604555303782,28,1,80.20081287039501,2,135.11161339198514,1,5,88,1436,0
deploy-01947,order-service,369.47290344975085,0.11171908802644881,18,8,46.13399526342691,5,50.0,5,2,68,2111,1
deploy-01948,order-service,249.11675024734237,0.4978493500602455,24,5,15.36065634667495,8,123.29107265148745,3,5,1,1385,1
deploy-01949,cart-service,227.28060735399464,0.6036434184134589,3,3,14.459426343248047,11,723.6634275737744,5,2,20,1632,1
deploy-01950,payment-service,264.217084555872,0.48225162081207895,25,8,62.74560791550771,5,310.2793398575953,3,4,53,1631,1
deploy-01951,cart-service,0.0,0.17074120250454933,16,1,50.40264834141518,3,190.59511926340883,2,2,48,2662,1
deploy-01952,payment-service,189.87923960275825,0.4638913363597144,2,3,74.48777149510947,11,229.17608522110214,2,1,18,1191,0
deploy-01953,order-service,297.4986509938408,0.5914359623473133,10,7,57.31833592794412,5,476.25411524271,5,4,9,823,1
deploy-01954,payment-service,0.0,0.23765627082557766,11,5,66.60432079377927,2,229.474829098319,0,5,68,1487,1
deploy-01955,cart-service,106.97854307747754,0.21492380651784473,14,1,82.62701624758769,1,104.91408036835693,3,1,59,436,0
deploy-01956,inventory-service,46.83946741246751,0.0,18,9,60.58590281937064,0,342.5814300467906,3,4,62,1289,0
deploy-01957,cart-service,276.7920084183142,0.0038092570524112523,6,6,37.1859083996285,9,252.46659752420413,3,2,64,1297,0
deploy-01958,order-service,489.7804985440291,1.4289556035566087,20,8,37.7116015222929,5,315.2016967036644,5,1,56,1229,0
deploy-01959,payment-service,243.30005303156463,0.0,19,0,64.87758705436288,5,195.49649041353464,3,4,7,463,0
deploy-01960,order-service,190.3593868780477,0.7061890810800086,5,5,92.1835576610383,0,101.6093400847881,3,4,20,242,1
deploy-01961,inventory-service,215.1450505739951,0.6595348254551918,27,5,38.188175039698336,0,315.61639330918706,4,2,2,1922,1
deploy-01962,inventory-service,0.0,0.5272782848417915,8,1,71.50790902170644,8,50.0,5,4,26,2640,0
deploy-01963,payment-service,213.31916925537968,0.27858487126980125,1,9,76.80934409868584,7,431.73863181912645,0,4,50,2318,0
deploy-01964,inventory-service,295.78738292504147,0.22237218791984775,31,1,50.08261392655214,1,282.17126084455424,3,5,50,474,0
deploy-01965,inventory-service,128.19739923128748,0.2175532405404386,15,3,62.973872653146124,0,82.11203039435432,2,4,54,2108,0
deploy-01966,payment-service,190.02911441104558,0.3236517248821532,13,8,46.608539402353955,11,50.0,2,5,97,2850,1
deploy-01967,payment-service,117.86751604850997,0.8856476830414569,27,9,73.20402427793334,5,110.74261442029936,3,4,84,36,1
deploy-01968,inventory-service,189.71803984557192,0.7275576603278218,23,3,99.88752786851396,9,256.6719908450269,0,5,8,1415,1
deploy-01969,order-service,135.87287634440543,0.0,18,0,97.95038440994962,4,162.17460953509197,4,5,68,1498,0
deploy-01970,order-service,162.5748239312324,0.6381835101962826,15,0,67.96690516883233,7,218.8492053990087,2,2,9,268,0
deploy-01971,cart-service,3.420497693488727,0.06357231429756816,8,3,71.80870029726304,7,222.72726880649958,5,3,23,405,1
deploy-01972,inventory-service,90.71544722879783,1.0239814124885915,8,1,75.08187013169298,4,50.0,4,5,54,2896,0
deploy-01973,order-service,308.5638513385089,0.794744759488873,4,0,57.35642567230932,2,91.086234692984,4,4,42,1834,0
deploy-01974,cart-service,140.06301420006037,0.273785427936483,32,9,62.878664653222685,5,310.5284367293995,1,3,29,943,1
deploy-01975,payment-service,24.61500942103865,0.4350824376874603,28,4,54.553543465607426,10,286.1500444622013,2,3,67,2930,0
deploy-01976,inventory-service,0.0,0.04295049920205113,4,9,66.60573082014753,11,214.23729942145167,4,1,31,100,1
deploy-01977,inventory-service,578.3707193398075,0.45734774018450475,24,8,53.39990210070985,2,336.15243887871526,5,0,23,264,1
deploy-01978,order-service,0.0,0.7822808405693082,21,5,44.63346603254113,1,542.8098805070665,4,2,76,2598,0
deploy-01979,inventory-service,255.08981741402854,0.9804353628974516,31,6,70.30374712634364,1,591.5655418617455,0,2,7,197,1
deploy-01980,order-service,45.19778148982488,0.30659160218953296,21,4,72.113067865523,7,220.98124555576274,3,4,43,614,0
deploy-01981,cart-service,231.6783012341727,0.8935226195407557,29,0,91.30112542913253,2,335.55084943966483,4,1,69,2919,1
deploy-01982,order-service,315.1375879132524,0.44816427712144796,31,3,65.84317115153068,6,50.0,3,3,93,300,0
deploy-01983,inventory-service,211.21355794635863,0.3829783142010268,20,4,78.62063087128523,1,313.08206067970525,1,3,54,1542,0
deploy-01984,order-service,0.0,0.31765769440368824,9,5,78.14729652417267,1,384.4299758939452,5,2,55,2598,0
deploy-01985,payment-service,161.71362329497111,0.0,26,8,97.32503471865515,4,413.98557735320406,1,1,90,1555,0
deploy-01986,cart-service,368.81489140979215,0.593455021240732,9,2,67.09221794231671,4,50.0,0,4,49,1329,1
deploy-01987,order-service,275.0942323212777,0.5313396368449739,8,7,77.69999672511912,7,153.25646051089495,0,5,77,501,1
deploy-01988,cart-service,244.58695875607626,0.0,31,8,63.874682914694816,9,96.36798171841733,5,2,12,1236,1
deploy-01989,inventory-service,133.55313835651964,0.28619132383604406,8,0,66.71065123788844,5,188.25804068322296,3,0,31,1154,1
deploy-01990,order-service,421.92178529942134,0.8466168425946616,23,6,92.37255303606112,7,484.44242751110835,2,5,41,2046,1
deploy-01991,payment-service,48.97780178762807,0.6800831837260033,8,0,100.0,1,50.0,4,4,80,968,0
deploy-01992,payment-service,172.46192484934033,0.485361662883489,8,5,62.67419029985418,3,304.90390287161205,0,3,47,1694,1
deploy-01993,payment-service,337.85793981572624,0.9044755796679962,7,6,72.11571422488882,2,362.5277297821937,3,2,44,968,1
deploy-01994,order-service,249.17313118898454,0.8171787126588923,17,5,73.70298379770541,9,155.630342358701,5,5,23,2550,0
deploy-01995,order-service,216.50161749940318,0.5439825174612681,25,6,100.0,4,133.43052772080546,0,4,22,2172,0
deploy-01996,cart-service,79.72232176375577,0.8440608771442881,14,4,68.79074536238731,11,162.26082846497616,4,0,58,2905,0
deploy-01997,cart-service,73.27358603798689,0.3062125953965893,28,3,84.17142056403813,9,319.2121171626194,0,2,44,112,1
deploy-01998,order-service,362.1693125982821,0.1607554699897592,16,2,71.80870643407172,4,238.68912579941238,0,4,5,1916,1
deploy-01999,inventory-service,300.37114044172296,0.5557410637974668,13,2,50.89341014585008,9,576.2157612725026,3,1,10,1188,1
deploy-02000,payment-service,102.77635142649089,0.17990149965052454,14,9,40.90594410834232,10,397.534584802573,3,1,83,941,1
